year,month,3_month,6_month,12_month,24_month,36_month,60_month,84_month,120_month,240_month,360_month
1953,4,0.0219,0.0226,0.0236,0.0241,0.0251,0.0262,0.0273,0.0283,0.0308,0.0309
1953,5,0.0216,0.0228,0.0248,0.0258,0.0272,0.0287,0.0301,0.0305,0.0318,0.0319
1953,6,0.0211,0.0224,0.0245,0.026,0.0274,0.0294,0.0306,0.0311,0.0321,0.0322
1953,7,0.0204,0.0218,0.0238,0.0246,0.0262,0.0275,0.029,0.0293,0.0312,0.0313
1953,8,0.0204,0.0213,0.0228,0.0244,0.0258,0.028,0.029,0.0295,0.031,0.0311
1953,9,0.0179,0.0195,0.022,0.0236,0.0256,0.0271,0.0287,0.0287,0.0307,0.0308
1953,10,0.0138,0.0154,0.0179,0.0197,0.0223,0.0243,0.0263,0.0266,0.0295,0.0296
1953,11,0.0144,0.0153,0.0167,0.0194,0.022,0.0242,0.0261,0.0268,0.0295,0.0296
1953,12,0.016,0.0162,0.0166,0.019,0.0207,0.0232,0.0246,0.0259,0.0289,0.029
1954,1,0.0118,0.0127,0.0141,0.0165,0.0189,0.0217,0.0236,0.0248,0.028,0.0281
1954,2,0.0097,0.0102,0.0114,0.0141,0.0163,0.0204,0.0227,0.0247,0.0272,0.0273
1954,3,0.0103,0.0106,0.0113,0.0137,0.0159,0.0193,0.0216,0.0237,0.0261,0.0262
1954,4,0.0097,0.0096,0.0096,0.0128,0.0154,0.0187,0.0211,0.0229,0.026,0.0261
1954,5,0.0076,0.0079,0.0085,0.0125,0.0156,0.0192,0.0217,0.0237,0.0266,0.0267
1954,6,0.0064,0.007,0.0082,0.0122,0.0153,0.0192,0.0218,0.0238,0.0264,0.0265
1954,7,0.0072,0.0076,0.0084,0.0119,0.0147,0.0185,0.021,0.023,0.0257,0.0258
1954,8,0.0092,0.0089,0.0088,0.0116,0.0149,0.019,0.0221,0.0236,0.0258,0.0259
1954,9,0.0101,0.0101,0.0103,0.0131,0.016,0.0196,0.0223,0.0238,0.026,0.0261
1954,10,0.0098,0.0105,0.0117,0.0147,0.0172,0.0202,0.0225,0.0243,0.0261,0.0262
1954,11,0.0093,0.01,0.0114,0.0148,0.0175,0.0209,0.0231,0.0248,0.0265,0.0266
1954,12,0.0115,0.0116,0.0121,0.015,0.0181,0.0216,0.0241,0.0251,0.0267,0.0268
1955,1,0.0122,0.0128,0.0139,0.0171,0.0199,0.0232,0.0252,0.0261,0.0275,0.0276
1955,2,0.0117,0.0132,0.0157,0.0185,0.0212,0.0238,0.0258,0.0265,0.0283,0.0284
1955,3,0.0128,0.014,0.0159,0.0196,0.0226,0.0248,0.0265,0.0268,0.0284,0.0285
1955,4,0.0159,0.0164,0.0175,0.0207,0.0237,0.0255,0.0273,0.0275,0.0285,0.0286
1955,5,0.0145,0.0162,0.019,0.0215,0.0237,0.0256,0.0272,0.0276,0.0287,0.0288
1955,6,0.0141,0.016,0.0191,0.0218,0.0239,0.0259,0.0274,0.0278,0.0286,0.0287
1955,7,0.016,0.0176,0.0202,0.023,0.0251,0.0272,0.0285,0.029,0.0294,0.0295
1955,8,0.019,0.0207,0.0237,0.0259,0.0272,0.0286,0.0295,0.0297,0.0301,0.0302
1955,9,0.0207,0.0218,0.0236,0.0255,0.0269,0.0285,0.0293,0.0297,0.03,0.0301
1955,10,0.0223,0.0229,0.0239,0.0252,0.0262,0.0276,0.0283,0.0288,0.0293,0.0294
1955,11,0.0224,0.0233,0.0248,0.0262,0.0273,0.0281,0.0288,0.0289,0.0293,0.0294
1955,12,0.0254,0.0261,0.0273,0.0283,0.0288,0.0293,0.0296,0.0296,0.0298,0.0299
1956,1,0.0241,0.0247,0.0258,0.0269,0.0278,0.0284,0.0289,0.029,0.0294,0.0295
1956,2,0.0232,0.0239,0.0249,0.0257,0.0267,0.0274,0.0282,0.0284,0.0291,0.0292
1956,3,0.0225,0.024,0.0261,0.0281,0.0289,0.0293,0.0296,0.0296,0.0299,0.03
1956,4,0.026,0.0273,0.0292,0.0312,0.0319,0.032,0.0318,0.0318,0.0314,0.0315
1956,5,0.0261,0.0276,0.0294,0.0306,0.0308,0.0308,0.0307,0.0307,0.0306,0.0307
1956,6,0.0249,0.0259,0.0274,0.0289,0.0295,0.0297,0.0299,0.03,0.03,0.0301
1956,7,0.0231,0.025,0.0276,0.0299,0.0306,0.0312,0.031,0.0311,0.0308,0.0309
1956,8,0.026,0.028,0.031,0.0334,0.0339,0.0341,0.0334,0.0333,0.0322,0.0323
1956,9,0.0284,0.0306,0.0335,0.0353,0.035,0.0347,0.0337,0.0338,0.0328,0.0329
1956,10,0.029,0.0306,0.0328,0.0342,0.034,0.034,0.0333,0.0334,0.0326,0.0327
1956,11,0.0299,0.0318,0.0344,0.036,0.0357,0.0356,0.0347,0.0349,0.0337,0.0339
1956,12,0.0321,0.0341,0.0368,0.0382,0.0376,0.037,0.0358,0.0359,0.0345,0.0347
1957,1,0.0311,0.0323,0.0337,0.0346,0.0346,0.0347,0.0344,0.0346,0.0341,0.0343
1957,2,0.031,0.0323,0.0338,0.0346,0.0342,0.0339,0.0334,0.0334,0.033,0.0331
1957,3,0.0308,0.0323,0.0342,0.0351,0.0347,0.0346,0.0339,0.0341,0.0332,0.0333
1957,4,0.0307,0.0327,0.0349,0.0359,0.0353,0.0353,0.0346,0.0348,0.034,0.0342
1957,5,0.0306,0.0324,0.0348,0.0363,0.0361,0.0364,0.0357,0.036,0.0349,0.0351
1957,6,0.0329,0.0343,0.0365,0.0379,0.038,0.0383,0.0377,0.038,0.0365,0.0367
1957,7,0.0316,0.0344,0.0381,0.0402,0.0396,0.04,0.0387,0.0393,0.0372,0.0374
1957,8,0.0337,0.0367,0.0401,0.0413,0.0402,0.04,0.0388,0.0393,0.0375,0.0377
1957,9,0.0353,0.0377,0.0407,0.0418,0.0406,0.0403,0.0388,0.0392,0.0373,0.0375
1957,10,0.0358,0.0375,0.0401,0.0412,0.0409,0.0408,0.0397,0.0397,0.0376,0.0378
1957,11,0.0331,0.0341,0.0357,0.0368,0.037,0.0372,0.0369,0.0372,0.0361,0.0363
1957,12,0.0304,0.031,0.0318,0.031,0.0311,0.0308,0.0315,0.0321,0.0338,0.034
1958,1,0.0244,0.0253,0.0265,0.0268,0.0278,0.0288,0.03,0.0309,0.0327,0.0328
1958,2,0.0153,0.0171,0.0199,0.0227,0.0258,0.0278,0.0302,0.0305,0.0331,0.0332
1958,3,0.013,0.0151,0.0184,0.0208,0.024,0.0264,0.0291,0.0298,0.0329,0.033
1958,4,0.0113,0.0125,0.0145,0.0181,0.0215,0.0246,0.0273,0.0288,0.0317,0.0318
1958,5,0.0091,0.0109,0.0137,0.0171,0.0207,0.0241,0.0273,0.0292,0.0317,0.0318
1958,6,0.0083,0.0098,0.0123,0.0168,0.0208,0.0246,0.0278,0.0297,0.0323,0.0324
1958,7,0.0091,0.0117,0.0161,0.0202,0.0242,0.0277,0.0308,0.032,0.0339,0.0341
1958,8,0.0169,0.0199,0.025,0.0282,0.0306,0.0329,0.035,0.0354,0.0365,0.0367
1958,9,0.0244,0.0267,0.0305,0.0338,0.0352,0.0369,0.0375,0.0376,0.038,0.0382
1958,10,0.0263,0.0286,0.0319,0.0353,0.0367,0.0378,0.038,0.038,0.0381,0.0383
1958,11,0.0267,0.0284,0.031,0.0343,0.036,0.037,0.0374,0.0374,0.0376,0.0378
1958,12,0.0277,0.0301,0.0329,0.0355,0.0372,0.0382,0.0385,0.0386,0.0386,0.0388
1959,1,0.0282,0.0309,0.0336,0.0369,0.0391,0.0401,0.0402,0.0402,0.0395,0.0397
1959,2,0.027,0.0313,0.0354,0.0377,0.0392,0.0396,0.0396,0.0396,0.0396,0.0398
1959,3,0.028,0.0313,0.0361,0.0383,0.0397,0.0399,0.0399,0.0399,0.0399,0.0401
1959,4,0.0295,0.0327,0.0372,0.0391,0.0403,0.0412,0.0412,0.0412,0.0406,0.0408
1959,5,0.0284,0.0333,0.0396,0.0413,0.0425,0.0435,0.0432,0.0431,0.0413,0.0415
1959,6,0.0321,0.0352,0.0407,0.0434,0.0452,0.045,0.0439,0.0434,0.0414,0.0416
1959,7,0.032,0.0382,0.0439,0.0452,0.046,0.0458,0.0446,0.044,0.0416,0.0418
1959,8,0.0338,0.0387,0.0442,0.0453,0.046,0.0457,0.0448,0.0443,0.0415,0.0417
1959,9,0.0404,0.047,0.05,0.0498,0.0497,0.049,0.0475,0.0468,0.0429,0.0431
1959,10,0.0405,0.0453,0.048,0.0479,0.0478,0.0472,0.0459,0.0453,0.0419,0.0421
1959,11,0.0415,0.0454,0.0481,0.0483,0.0485,0.0475,0.046,0.0453,0.042,0.0422
1959,12,0.0449,0.0485,0.0514,0.0513,0.0512,0.0501,0.0479,0.0469,0.0433,0.0435
1960,1,0.0435,0.0474,0.0503,0.0501,0.0499,0.0492,0.0479,0.0472,0.0442,0.0444
1960,2,0.0396,0.043,0.0466,0.047,0.0473,0.0469,0.0456,0.0449,0.0428,0.043
1960,3,0.0331,0.0361,0.0402,0.0418,0.0429,0.0431,0.0427,0.0425,0.0414,0.0416
1960,4,0.0323,0.0355,0.0404,0.0418,0.0427,0.0429,0.0428,0.0428,0.0423,0.0425
1960,5,0.0329,0.0358,0.0421,0.0436,0.0446,0.0449,0.044,0.0435,0.042,0.0422
1960,6,0.0246,0.0274,0.0336,0.0375,0.0401,0.0412,0.0414,0.0415,0.0404,0.0406
1960,7,0.023,0.0271,0.032,0.0346,0.0363,0.0379,0.0386,0.039,0.0391,0.0393
1960,8,0.023,0.0259,0.0295,0.0323,0.0341,0.0362,0.0374,0.038,0.0384,0.0386
1960,9,0.0248,0.0283,0.0307,0.0329,0.0343,0.0361,0.0374,0.038,0.0386,0.0388
1960,10,0.023,0.0273,0.0304,0.0333,0.0353,0.0376,0.0385,0.0389,0.0392,0.0394
1960,11,0.0237,0.0266,0.0308,0.0339,0.036,0.0381,0.0389,0.0393,0.0396,0.0398
1960,12,0.0225,0.025,0.0286,0.032,0.0342,0.0367,0.0378,0.0384,0.0391,0.0393
1961,1,0.0224,0.0247,0.0281,0.0316,0.0339,0.0367,0.0378,0.0384,0.039,0.0392
1961,2,0.0242,0.026,0.0293,0.0325,0.0346,0.0366,0.0374,0.0378,0.0384,0.0386
1961,3,0.0239,0.0254,0.0288,0.0316,0.0335,0.036,0.0369,0.0374,0.0381,0.0383
1961,4,0.0229,0.0247,0.0288,0.0315,0.0333,0.0357,0.0371,0.0378,0.0381,0.0383
1961,5,0.0229,0.0245,0.0287,0.0309,0.0323,0.0347,0.0363,0.0371,0.0374,0.0376
1961,6,0.0233,0.0254,0.0306,0.034,0.0363,0.0381,0.0386,0.0388,0.0389,0.0391
1961,7,0.0224,0.0245,0.0292,0.0332,0.0359,0.0384,0.0389,0.0392,0.0393,0.0395
1961,8,0.0239,0.0266,0.0306,0.0348,0.0376,0.0396,0.0401,0.0404,0.0404,0.0406
1961,9,0.0228,0.0268,0.0306,0.0346,0.0373,0.039,0.0395,0.0398,0.0404,0.0406
1961,10,0.023,0.0266,0.0305,0.0339,0.0362,0.038,0.0388,0.0392,0.0401,0.0403
1961,11,0.0248,0.027,0.0307,0.0339,0.0361,0.0382,0.039,0.0394,0.04,0.0402
1961,12,0.026,0.0288,0.0318,0.035,0.0372,0.0391,0.0401,0.0406,0.0407,0.0409
1962,1,0.0273,0.0295,0.0329,0.0359,0.0381,0.0399,0.0407,0.041,0.0413,0.0415
1962,2,0.0267,0.0287,0.0321,0.0341,0.0353,0.0377,0.0391,0.04,0.041,0.0412
1962,3,0.0264,0.0279,0.0297,0.0322,0.0339,0.0361,0.0375,0.0386,0.0398,0.04
1962,4,0.028,0.0291,0.0307,0.0331,0.0347,0.0364,0.0377,0.0386,0.0391,0.0393
1962,5,0.0265,0.0274,0.0299,0.0321,0.0336,0.0366,0.038,0.039,0.0394,0.0396
1962,6,0.0288,0.0296,0.032,0.0342,0.0356,0.0376,0.039,0.04,0.0402,0.0404
1962,7,0.0296,0.0312,0.0333,0.0352,0.0362,0.0382,0.0395,0.0404,0.0406,0.0408
1962,8,0.0277,0.0293,0.0314,0.0332,0.0342,0.0366,0.0383,0.0396,0.0399,0.0401
1962,9,0.0274,0.0289,0.0302,0.0322,0.0335,0.0366,0.0382,0.0394,0.0397,0.0399
1962,10,0.0273,0.0283,0.0297,0.032,0.0336,0.0364,0.038,0.0392,0.0394,0.0396
1962,11,0.0285,0.0291,0.0302,0.0325,0.0341,0.0359,0.0377,0.0392,0.0394,0.0396
1962,12,0.0291,0.0295,0.0305,0.0326,0.034,0.0356,0.0372,0.0385,0.0392,0.0394
1963,1,0.029,0.0295,0.0303,0.0326,0.0341,0.0365,0.0378,0.0387,0.0396,0.0398
1963,2,0.0293,0.0299,0.0302,0.0326,0.0342,0.0368,0.0383,0.0394,0.0397,0.0399
1963,3,0.0295,0.0301,0.0309,0.033,0.0344,0.0371,0.0385,0.0395,0.04,0.0402
1963,4,0.029,0.0298,0.0311,0.0337,0.0354,0.0373,0.0386,0.0395,0.0404,0.0406
1963,5,0.0301,0.0309,0.032,0.0344,0.0359,0.0378,0.0389,0.0396,0.0403,0.0405
1963,6,0.0298,0.0307,0.0319,0.0344,0.0361,0.0382,0.0393,0.04,0.0403,0.0405
1963,7,0.032,0.0333,0.035,0.0368,0.0377,0.0388,0.0396,0.04,0.0403,0.0405
1963,8,0.0338,0.035,0.0359,0.0375,0.0381,0.0393,0.04,0.0402,0.0404,0.0406
1963,9,0.034,0.0352,0.0359,0.0375,0.0382,0.0394,0.0403,0.0407,0.0408,0.041
1963,10,0.0349,0.0362,0.0368,0.0385,0.0392,0.0401,0.041,0.0415,0.0415,0.0417
1963,11,0.0352,0.0365,0.0374,0.0389,0.0394,0.0399,0.0406,0.0408,0.0415,0.0417
1963,12,0.0354,0.0368,0.0383,0.0399,0.0405,0.0406,0.0412,0.0414,0.0419,0.0421
1964,1,0.0349,0.0361,0.0376,0.0393,0.04,0.0403,0.0411,0.0415,0.0418,0.042
1964,2,0.0365,0.038,0.0391,0.0404,0.0407,0.041,0.0416,0.0418,0.0419,0.0421
1964,3,0.0357,0.0375,0.0394,0.041,0.0416,0.0416,0.0422,0.0423,0.0424,0.0426
1964,4,0.0341,0.0359,0.0384,0.0402,0.041,0.0413,0.042,0.0422,0.0424,0.0426
1964,5,0.0348,0.036,0.0384,0.0398,0.0403,0.0403,0.0413,0.0419,0.0418,0.042
1964,6,0.0343,0.0351,0.0378,0.0391,0.0395,0.0401,0.041,0.0415,0.0415,0.0417
1964,7,0.0343,0.0353,0.0369,0.0385,0.0392,0.0404,0.0414,0.0419,0.0417,0.0419
1964,8,0.0357,0.0368,0.0381,0.0393,0.0396,0.0407,0.0416,0.0421,0.042,0.0422
1964,9,0.0353,0.0368,0.0384,0.0397,0.0401,0.0405,0.0414,0.0418,0.0419,0.0421
1964,10,0.0357,0.0372,0.0386,0.0398,0.0401,0.0405,0.0413,0.0416,0.0417,0.0419
1964,11,0.0382,0.04,0.041,0.0418,0.0416,0.0413,0.0419,0.042,0.042,0.0422
1964,12,0.0381,0.0392,0.0399,0.0407,0.0406,0.0412,0.0419,0.0421,0.0421,0.0423
1965,1,0.0383,0.0396,0.0396,0.0405,0.0404,0.0411,0.0417,0.0419,0.0419,0.0421
1965,2,0.0399,0.0406,0.0409,0.0416,0.0412,0.0416,0.0421,0.0422,0.0421,0.0423
1965,3,0.039,0.0397,0.0403,0.0412,0.0411,0.0414,0.0419,0.042,0.042,0.0422
1965,4,0.0393,0.0399,0.0404,0.0413,0.0412,0.0416,0.0421,0.0421,0.0421,0.0423
1965,5,0.039,0.0396,0.0404,0.0412,0.041,0.0415,0.0421,0.0423,0.0422,0.0424
1965,6,0.0377,0.0383,0.0396,0.0406,0.0406,0.0414,0.0419,0.042,0.042,0.0422
1965,7,0.0388,0.0394,0.0402,0.0411,0.0411,0.0418,0.0422,0.0422,0.0422,0.0424
1965,8,0.039,0.0401,0.0413,0.0422,0.0421,0.0422,0.0427,0.0427,0.0428,0.043
1965,9,0.0407,0.0423,0.0436,0.044,0.0433,0.0433,0.0436,0.0435,0.0434,0.0436
1965,10,0.0406,0.0422,0.0433,0.0441,0.0438,0.044,0.0443,0.0441,0.0436,0.0438
1965,11,0.0412,0.0427,0.044,0.045,0.0449,0.0447,0.045,0.0448,0.0441,0.0443
1965,12,0.046,0.0478,0.0496,0.0504,0.05,0.0488,0.0479,0.0465,0.0452,0.0454
1966,1,0.046,0.0472,0.0489,0.05,0.0498,0.0498,0.0486,0.0469,0.0459,0.0461
1966,2,0.0472,0.0489,0.0501,0.051,0.0506,0.0503,0.0505,0.0502,0.0481,0.0483
1966,3,0.0453,0.0471,0.049,0.0495,0.0489,0.0484,0.048,0.0471,0.0461,0.0463
1966,4,0.0463,0.0475,0.0491,0.05,0.0497,0.0485,0.0485,0.0479,0.047,0.0472
1966,5,0.0474,0.0492,0.0504,0.0513,0.051,0.05,0.0493,0.048,0.0473,0.0475
1966,6,0.0457,0.0472,0.0505,0.052,0.0522,0.0509,0.0506,0.0497,0.0482,0.0484
1966,7,0.0486,0.05,0.0524,0.0534,0.0532,0.0526,0.0518,0.0505,0.0486,0.0488
1966,8,0.0523,0.0556,0.0584,0.0593,0.0587,0.0568,0.0555,0.0536,0.0502,0.0504
1966,9,0.0519,0.0559,0.0562,0.0565,0.0554,0.0534,0.0521,0.0502,0.0489,0.0491
1966,10,0.0527,0.0554,0.055,0.0551,0.0538,0.0522,0.0512,0.0497,0.0476,0.0478
1966,11,0.0523,0.0545,0.0545,0.0553,0.0548,0.0528,0.0523,0.0512,0.0487,0.0489
1966,12,0.0477,0.0488,0.05,0.0503,0.0494,0.048,0.0474,0.0464,0.0458,0.046
1967,1,0.0459,0.0461,0.0462,0.0468,0.0463,0.0467,0.0462,0.0452,0.0448,0.045
1967,2,0.0461,0.0464,0.0476,0.0483,0.0479,0.0478,0.0478,0.0472,0.047,0.0472
1967,3,0.0404,0.0401,0.0413,0.0427,0.043,0.0442,0.0448,0.045,0.0456,0.0458
1967,4,0.0387,0.0392,0.0414,0.0441,0.0457,0.0472,0.0478,0.0478,0.0481,0.0483
1967,5,0.0363,0.0383,0.0418,0.0443,0.0458,0.0472,0.0479,0.0481,0.0485,0.0487
1967,6,0.0393,0.0432,0.0497,0.051,0.051,0.0535,0.0531,0.0522,0.0508,0.051
1967,7,0.0424,0.0476,0.0505,0.051,0.0502,0.0512,0.0517,0.0516,0.0506,0.0508
1967,8,0.0433,0.049,0.052,0.0534,0.0536,0.0534,0.0533,0.0527,0.0514,0.0516
1967,9,0.0445,0.0499,0.0527,0.054,0.0539,0.0538,0.0537,0.0531,0.0519,0.0521
1967,10,0.0464,0.0516,0.0547,0.0562,0.0563,0.0572,0.0571,0.0564,0.0552,0.0554
1967,11,0.0476,0.0529,0.0565,0.0574,0.0569,0.0577,0.0579,0.0574,0.0565,0.0567
1967,12,0.0501,0.0554,0.0576,0.0585,0.058,0.0578,0.0577,0.057,0.0556,0.0558
1968,1,0.0494,0.0517,0.0536,0.0551,0.0552,0.0555,0.0557,0.0554,0.0537,0.0539
1968,2,0.0501,0.052,0.0544,0.0561,0.0565,0.0558,0.056,0.0557,0.054,0.0542
1968,3,0.0518,0.0534,0.0559,0.0576,0.0579,0.0576,0.0579,0.0576,0.0562,0.0564
1968,4,0.0565,0.0577,0.06,0.0607,0.06,0.0596,0.0588,0.0574,0.055,0.0552
1968,5,0.0559,0.0575,0.0606,0.0607,0.0594,0.0597,0.0595,0.0586,0.055,0.0552
1968,6,0.0546,0.0557,0.0591,0.0592,0.0578,0.0579,0.0575,0.0564,0.0536,0.0538
1968,7,0.0517,0.0527,0.055,0.0556,0.0548,0.055,0.0547,0.0539,0.0519,0.0521
1968,8,0.0509,0.0523,0.0543,0.0546,0.0536,0.0548,0.0548,0.0542,0.0522,0.0524
1968,9,0.0518,0.0524,0.0544,0.055,0.0543,0.0548,0.0551,0.0549,0.0532,0.0534
1968,10,0.0544,0.055,0.0566,0.0567,0.0555,0.0557,0.0562,0.0561,0.0546,0.0548
1968,11,0.0548,0.0563,0.0578,0.0577,0.0562,0.0572,0.0578,0.0578,0.0566,0.0568
1968,12,0.0622,0.0632,0.0646,0.0649,0.0637,0.0633,0.0628,0.0616,0.0598,0.06
1969,1,0.0621,0.0635,0.0641,0.0641,0.0626,0.063,0.0628,0.0619,0.0614,0.0616
1969,2,0.0618,0.0636,0.0647,0.0656,0.065,0.0644,0.0638,0.0626,0.0617,0.0619
1969,3,0.0595,0.0609,0.0627,0.0635,0.0628,0.0636,0.0636,0.063,0.0622,0.0624
1969,4,0.0611,0.0613,0.0626,0.0637,0.0632,0.0637,0.0632,0.062,0.0598,0.06
1969,5,0.0625,0.0636,0.0664,0.0675,0.067,0.0669,0.0666,0.0656,0.0643,0.0645
1969,6,0.0693,0.0727,0.0758,0.0749,0.0721,0.0698,0.0689,0.0673,0.0628,0.063
1969,7,0.0697,0.0721,0.0757,0.0753,0.073,0.0698,0.0671,0.0666,0.0623,0.0625
1969,8,0.0707,0.0729,0.0764,0.076,0.0737,0.0713,0.0697,0.0683,0.0632,0.0634
1969,9,0.0726,0.075,0.0801,0.0817,0.0813,0.0802,0.0773,0.0751,0.0682,0.0685
1969,10,0.0695,0.0723,0.0758,0.0759,0.0741,0.0733,0.0699,0.0694,0.0658,0.0661
1969,11,0.0738,0.0776,0.0804,0.0795,0.0767,0.0761,0.0722,0.0729,0.068,0.0683
1969,12,0.0796,0.0805,0.0832,0.0847,0.0841,0.0822,0.0766,0.0788,0.0694,0.0697
1970,1,0.0792,0.0783,0.0815,0.0831,0.0827,0.0827,0.079,0.0775,0.0696,0.0699
1970,2,0.0668,0.0676,0.0711,0.0728,0.0727,0.0731,0.071,0.069,0.0655,0.0658
1970,3,0.0656,0.0651,0.069,0.071,0.0713,0.0724,0.0716,0.0708,0.0668,0.0671
1970,4,0.0712,0.0722,0.0772,0.079,0.0789,0.0795,0.0793,0.0782,0.0707,0.071
1970,5,0.0675,0.0693,0.0765,0.0784,0.0784,0.0783,0.0782,0.0795,0.0746,0.0749
1970,6,0.0655,0.0672,0.074,0.0768,0.0777,0.0777,0.0776,0.0768,0.0711,0.0714
1970,7,0.0636,0.0642,0.07,0.0734,0.0751,0.0758,0.0757,0.0738,0.0691,0.0694
1970,8,0.0628,0.0642,0.0684,0.0719,0.0736,0.0745,0.0751,0.0749,0.07,0.0703
1970,9,0.0598,0.0632,0.0658,0.0686,0.0697,0.0718,0.0732,0.0729,0.0681,0.0684
1970,10,0.0578,0.0607,0.0629,0.0665,0.0685,0.0704,0.0722,0.0733,0.069,0.0693
1970,11,0.0485,0.0498,0.0506,0.0546,0.0572,0.0599,0.0638,0.0649,0.0639,0.0642
1970,12,0.0481,0.0483,0.0494,0.0546,0.0584,0.0598,0.0625,0.065,0.0645,0.0647
1971,1,0.0411,0.0414,0.0423,0.0484,0.0534,0.0578,0.0607,0.0609,0.0607,0.0609
1971,2,0.0351,0.0359,0.0369,0.0432,0.0484,0.0536,0.0578,0.0614,0.0624,0.0626
1971,3,0.0359,0.0372,0.0392,0.0429,0.0456,0.0506,0.0536,0.0553,0.0583,0.0585
1971,4,0.0428,0.0447,0.0477,0.0533,0.0576,0.0608,0.0617,0.0608,0.061,0.0612
1971,5,0.0421,0.0444,0.0513,0.0559,0.0591,0.0624,0.064,0.0638,0.0627,0.0629
1971,6,0.0526,0.055,0.0624,0.0658,0.0677,0.0686,0.0693,0.067,0.0644,0.0646
1971,7,0.0553,0.0576,0.0618,0.0658,0.0683,0.0696,0.0699,0.0685,0.0643,0.0645
1971,8,0.045,0.0475,0.0528,0.0561,0.0581,0.0607,0.0622,0.0628,0.0609,0.0611
1971,9,0.0457,0.0484,0.0527,0.0559,0.0577,0.0606,0.061,0.06,0.0597,0.0599
1971,10,0.0421,0.0435,0.0464,0.0503,0.053,0.0578,0.0588,0.0587,0.0587,0.0589
1971,11,0.043,0.0446,0.0476,0.0514,0.0539,0.0584,0.0605,0.0593,0.0595,0.0597
1971,12,0.0389,0.041,0.0446,0.0486,0.0515,0.055,0.0585,0.0589,0.0599,0.0601
1972,1,0.0344,0.0373,0.0436,0.049,0.0532,0.0575,0.0605,0.0609,0.0609,0.0611
1972,2,0.0322,0.0366,0.043,0.0483,0.0525,0.0566,0.0595,0.0604,0.0602,0.0604
1972,3,0.0408,0.0451,0.0511,0.0555,0.0586,0.061,0.0616,0.0612,0.0611,0.0613
1972,4,0.0345,0.0393,0.0461,0.0516,0.0558,0.0589,0.0608,0.0614,0.0612,0.0614
1972,5,0.0369,0.0412,0.0464,0.0511,0.0546,0.0579,0.06,0.0605,0.0596,0.0598
1972,6,0.0408,0.0454,0.0515,0.0554,0.058,0.06,0.0613,0.0615,0.0605,0.0607
1972,7,0.0387,0.0437,0.0482,0.0535,0.0575,0.0598,0.0611,0.0612,0.0598,0.06
1972,8,0.0436,0.0493,0.054,0.0577,0.06,0.0621,0.0636,0.0642,0.0599,0.0601
1972,9,0.0474,0.0521,0.0561,0.059,0.0604,0.0618,0.0634,0.0654,0.0609,0.0611
1972,10,0.0467,0.0506,0.0544,0.0582,0.0605,0.062,0.0632,0.0641,0.0593,0.0595
1972,11,0.0485,0.0517,0.0535,0.0572,0.0596,0.0612,0.0617,0.0628,0.0582,0.0584
1972,12,0.0522,0.0545,0.0568,0.0598,0.0614,0.0626,0.0629,0.0641,0.0603,0.0605
1973,1,0.0559,0.0581,0.0609,0.0634,0.0644,0.0645,0.0643,0.0654,0.0686,0.0689
1973,2,0.0582,0.0606,0.0643,0.0667,0.0674,0.0673,0.0668,0.0664,0.069,0.0693
1973,3,0.063,0.0674,0.0709,0.0708,0.0689,0.0681,0.0676,0.0673,0.0689,0.0692
1973,4,0.0621,0.0647,0.068,0.0689,0.0681,0.0673,0.0675,0.067,0.0691,0.0694
1973,5,0.0661,0.0688,0.0716,0.0709,0.0685,0.0678,0.0686,0.0693,0.0705,0.0708
1973,6,0.0761,0.0766,0.0774,0.075,0.0707,0.069,0.0692,0.0694,0.0713,0.0716
1973,7,0.0847,0.0858,0.0887,0.0855,0.0802,0.0787,0.0765,0.0743,0.0763,0.0766
1973,8,0.0833,0.0831,0.0847,0.0806,0.0746,0.0728,0.0722,0.0725,0.0735,0.0738
1973,9,0.0748,0.0763,0.075,0.0723,0.0679,0.0672,0.0679,0.069,0.0705,0.0708
1973,10,0.0703,0.0713,0.0721,0.071,0.0682,0.068,0.0683,0.0671,0.073,0.0733
1973,11,0.0753,0.0766,0.0728,0.0712,0.0679,0.0677,0.0677,0.0669,0.0722,0.0725
1973,12,0.0748,0.0759,0.073,0.0715,0.0683,0.0683,0.0676,0.069,0.0738,0.0741
1974,1,0.0746,0.0734,0.0712,0.0709,0.0688,0.0691,0.0696,0.07,0.0748,0.0751
1974,2,0.0741,0.0724,0.0716,0.0714,0.0694,0.0698,0.0703,0.0701,0.0757,0.076
1974,3,0.0858,0.0844,0.0836,0.0818,0.0781,0.0765,0.0759,0.0741,0.0789,0.0792
1974,4,0.0869,0.0868,0.0899,0.0876,0.0831,0.0821,0.0797,0.0766,0.0819,0.0822
1974,5,0.0816,0.0833,0.0871,0.0852,0.0812,0.0806,0.0792,0.0752,0.0813,0.0816
1974,6,0.0808,0.0831,0.0887,0.0871,0.0834,0.0833,0.0809,0.0764,0.0817,0.082
1974,7,0.0772,0.0812,0.09,0.0889,0.0857,0.0846,0.0826,0.0789,0.0833,0.0836
1974,8,0.0931,0.0947,0.0973,0.0931,0.0867,0.0863,0.0844,0.0811,0.0864,0.0867
1974,9,0.0746,0.079,0.0821,0.0824,0.0807,0.0805,0.0802,0.0794,0.0849,0.0852
1974,10,0.0735,0.0762,0.0793,0.0804,0.0796,0.0794,0.0784,0.0779,0.0812,0.0815
1974,11,0.0747,0.0752,0.0766,0.0767,0.0749,0.0756,0.076,0.0764,0.0796,0.0799
1974,12,0.0719,0.0715,0.0735,0.0743,0.0734,0.0736,0.0734,0.074,0.0793,0.0796
1975,1,0.0583,0.0592,0.0636,0.0675,0.0698,0.0734,0.0744,0.0753,0.0782,0.0785
1975,2,0.0553,0.0565,0.0601,0.064,0.0664,0.0713,0.0738,0.0746,0.0772,0.0775
1975,3,0.0571,0.0585,0.0636,0.0681,0.0709,0.075,0.0777,0.0801,0.0824,0.0827
1975,4,0.0559,0.0598,0.0688,0.0747,0.0788,0.0812,0.0822,0.0831,0.0844,0.0847
1975,5,0.0498,0.0532,0.0608,0.0673,0.0722,0.0761,0.0784,0.0804,0.082,0.0823
1975,6,0.0582,0.0611,0.0685,0.0726,0.0749,0.0782,0.0788,0.0796,0.0809,0.0812
1975,7,0.0636,0.0675,0.0738,0.0775,0.0794,0.0807,0.0814,0.082,0.0831,0.0834
1975,8,0.0632,0.0681,0.0756,0.0788,0.0801,0.0816,0.0817,0.0822,0.0842,0.0845
1975,9,0.0649,0.0699,0.0783,0.0819,0.0836,0.0842,0.0845,0.0848,0.0861,0.0864
1975,10,0.0538,0.0564,0.0627,0.0689,0.0734,0.0766,0.0782,0.0791,0.0815,0.0818
1975,11,0.0564,0.0597,0.0668,0.0722,0.0758,0.079,0.0808,0.0814,0.0834,0.0837
1975,12,0.0508,0.0546,0.0616,0.0671,0.071,0.075,0.0768,0.0776,0.0804,0.0807
1976,1,0.0474,0.05,0.0565,0.0637,0.0694,0.0743,0.0775,0.078,0.08,0.0803
1976,2,0.0513,0.0546,0.0621,0.0676,0.0715,0.0746,0.0768,0.0777,0.0802,0.0805
1976,3,0.0492,0.0535,0.0611,0.0665,0.0702,0.0739,0.0757,0.0766,0.079,0.0793
1976,4,0.0504,0.0537,0.0614,0.0663,0.0696,0.0734,0.0753,0.0767,0.0799,0.0802
1976,5,0.0548,0.0593,0.0675,0.0723,0.0754,0.0778,0.079,0.0796,0.0819,0.0822
1976,6,0.0536,0.0572,0.0646,0.0702,0.0728,0.0758,0.0774,0.0786,0.0802,0.0805
1976,7,0.0516,0.0546,0.0612,0.0674,0.0705,0.0747,0.077,0.0786,0.0804,0.0807
1976,8,0.0505,0.0531,0.059,0.065,0.0673,0.0716,0.0745,0.0766,0.0781,0.0784
1976,9,0.0503,0.0525,0.0578,0.0633,0.0659,0.0705,0.0736,0.0755,0.0775,0.0778
1976,10,0.0492,0.0506,0.055,0.0603,0.0632,0.0678,0.0719,0.0742,0.0772,0.0775
1976,11,0.0444,0.0457,0.0495,0.0542,0.0569,0.0605,0.064,0.0701,0.0744,0.0747
1976,12,0.0432,0.0448,0.0486,0.0534,0.057,0.0613,0.0642,0.0681,0.0717,0.072
1977,1,0.0486,0.0508,0.0556,0.0618,0.065,0.0683,0.0716,0.074,0.0761,0.0764
1977,2,0.0475,0.0498,0.0556,0.0608,0.065,0.0698,0.0723,0.0745,0.0773,0.078
1977,3,0.0452,0.0479,0.054,0.0601,0.0642,0.0694,0.0721,0.0742,0.0772,0.0779
1977,4,0.0467,0.0494,0.056,0.0614,0.0646,0.069,0.0725,0.0745,0.0772,0.078
1977,5,0.0498,0.0522,0.0586,0.0618,0.0649,0.0687,0.0716,0.0738,0.0768,0.0774
1977,6,0.0495,0.0514,0.0572,0.0608,0.0633,0.067,0.07,0.072,0.0757,0.0758
1977,7,0.0543,0.0565,0.0622,0.065,0.0671,0.0703,0.0728,0.0742,0.0768,0.0772
1977,8,0.0548,0.0582,0.0636,0.0659,0.0673,0.0694,0.0711,0.0728,0.0753,0.076
1977,9,0.0593,0.0616,0.0666,0.0682,0.0694,0.0711,0.0726,0.0741,0.0761,0.0768
1977,10,0.0623,0.065,0.0705,0.0723,0.0734,0.0744,0.0754,0.0762,0.0776,0.0783
1977,11,0.0607,0.0638,0.0692,0.0711,0.0722,0.0736,0.0745,0.0755,0.0775,0.0783
1977,12,0.0609,0.0642,0.0698,0.0722,0.0736,0.0754,0.0766,0.0778,0.0798,0.0803
1978,1,0.0642,0.0668,0.0726,0.0747,0.0757,0.0772,0.0783,0.0794,0.0816,0.0818
1978,2,0.0643,0.0672,0.0732,0.0757,0.077,0.0786,0.0795,0.0804,0.0821,0.0825
1978,3,0.0644,0.0678,0.0748,0.077,0.0783,0.0797,0.0805,0.0815,0.0831,0.0833
1978,4,0.065,0.0696,0.077,0.0797,0.0798,0.0809,0.0816,0.0824,0.0837,0.0839
1978,5,0.0651,0.0713,0.0794,0.0812,0.082,0.0828,0.0835,0.0842,0.085,0.085
1978,6,0.0697,0.0749,0.0838,0.0848,0.0853,0.085,0.0851,0.0862,0.0867,0.0862
1978,7,0.0696,0.0739,0.0833,0.0847,0.0847,0.0846,0.0846,0.0856,0.0859,0.0856
1978,8,0.0722,0.0752,0.0848,0.0846,0.0838,0.0842,0.0842,0.0839,0.0843,0.0846
1978,9,0.08,0.0815,0.0881,0.087,0.0849,0.085,0.0854,0.0856,0.0863,0.0861
1978,10,0.0867,0.0928,0.0992,0.0949,0.0932,0.0916,0.09,0.0896,0.089,0.0887
1978,11,0.0871,0.0931,0.1009,0.0955,0.0916,0.0894,0.089,0.0886,0.088,0.088
1978,12,0.0932,0.0961,0.1057,0.0998,0.0959,0.0932,0.0923,0.0915,0.0899,0.0896
1979,1,0.091,0.0922,0.1013,0.0964,0.0916,0.0895,0.0893,0.0895,0.089,0.0885
1979,2,0.094,0.0949,0.1033,0.0989,0.0945,0.0929,0.0922,0.0917,0.0912,0.0908
1979,3,0.0941,0.094,0.1017,0.0972,0.0934,0.0919,0.0914,0.0911,0.0907,0.0902
1979,4,0.0962,0.0965,0.1029,0.0991,0.0953,0.0935,0.0933,0.0935,0.0926,0.0922
1979,5,0.0941,0.0934,0.0991,0.0956,0.092,0.0904,0.0902,0.0906,0.0908,0.0908
1979,6,0.089,0.089,0.094,0.0897,0.0878,0.0874,0.0874,0.0881,0.0882,0.0883
1979,7,0.0935,0.0935,0.0975,0.0931,0.0905,0.0899,0.0902,0.0901,0.0898,0.0899
1979,8,0.0992,0.0989,0.104,0.0984,0.0954,0.0936,0.093,0.0924,0.091,0.0909
1979,9,0.1022,0.1016,0.108,0.101,0.0976,0.0948,0.0946,0.0944,0.0931,0.0925
1979,10,0.1212,0.1208,0.1289,0.1206,0.1163,0.112,0.1095,0.1072,0.104,0.1019
1979,11,0.113,0.1133,0.1188,0.1133,0.1068,0.1044,0.1045,0.1038,0.101,0.1009
1979,12,0.1176,0.1156,0.117,0.1123,0.1062,0.1038,0.1036,0.1033,0.1016,0.1011
1980,1,0.1234,0.1217,0.124,0.1175,0.1119,0.1111,0.1112,0.1113,0.1116,0.1109
1980,2,0.1393,0.1393,0.1508,0.1441,0.1374,0.1342,0.1312,0.1292,0.1218,0.1229
1980,3,0.1518,0.1501,0.158,0.1463,0.1369,0.1331,0.1276,0.1264,0.1244,0.1231
1980,4,0.1104,0.1077,0.1112,0.1081,0.1067,0.1082,0.1075,0.1076,0.1092,0.1089
1980,5,0.0807,0.0813,0.0883,0.0925,0.0928,0.0987,0.1009,0.1025,0.1046,0.1037
1980,6,0.0736,0.076,0.0849,0.0897,0.0919,0.0948,0.0973,0.1009,0.1008,0.0999
1980,7,0.0872,0.0872,0.0936,0.0972,0.0995,0.1009,0.1038,0.1076,0.108,0.108
1980,8,0.0994,0.1025,0.1115,0.1136,0.1148,0.1166,0.1163,0.1155,0.1142,0.1127
1980,9,0.1096,0.1128,0.1229,0.1213,0.1206,0.1188,0.1186,0.1186,0.1184,0.117
1980,10,0.1282,0.1283,0.1378,0.1308,0.1297,0.1274,0.1256,0.1246,0.1238,0.1223
1980,11,0.1468,0.1443,0.1513,0.1413,0.1369,0.1314,0.1286,0.1272,0.1238,0.1232
1980,12,0.1443,0.1364,0.1386,0.1306,0.1285,0.1259,0.1249,0.1243,0.1209,0.1198
1981,1,0.1493,0.14,0.14,0.1326,0.1305,0.128,0.1273,0.1268,0.1246,0.1228
1981,2,0.1481,0.1407,0.1459,0.1408,0.1395,0.1376,0.1358,0.1343,0.1318,0.1297
1981,3,0.1272,0.1219,0.1305,0.1317,0.1327,0.1339,0.133,0.1313,0.1295,0.1265
1981,4,0.1466,0.144,0.1533,0.1484,0.1468,0.1445,0.1426,0.1411,0.1387,0.1365
1981,5,0.149,0.1398,0.1481,0.144,0.1431,0.1399,0.1365,0.135,0.1331,0.1306
1981,6,0.1474,0.141,0.1487,0.1466,0.1457,0.1425,0.1415,0.1386,0.1359,0.133
1981,7,0.1533,0.1512,0.1612,0.1584,0.1563,0.1524,0.1487,0.1467,0.1431,0.1396
1981,8,0.1574,0.1575,0.1697,0.1673,0.1633,0.1611,0.1571,0.1541,0.1515,0.1478
1981,9,0.1481,0.1503,0.1664,0.1669,0.1645,0.1627,0.1605,0.1584,0.1578,0.1519
1981,10,0.126,0.1286,0.1431,0.1459,0.1465,0.1478,0.1473,0.1463,0.1475,0.1436
1981,11,0.1034,0.1076,0.1182,0.1236,0.1281,0.1279,0.1286,0.1313,0.1313,0.1291
1981,12,0.1127,0.1197,0.1335,0.1363,0.1399,0.1397,0.1397,0.1398,0.1404,0.1365
1982,1,0.1308,0.1376,0.1404,0.1424,0.1426,0.1424,0.1423,0.1414,0.1421,0.1391
1982,2,0.13,0.1411,0.1427,0.1444,0.1444,0.1412,0.1408,0.1403,0.1409,0.1383
1982,3,0.1399,0.1427,0.143,0.1452,0.1452,0.1439,0.1437,0.1418,0.1389,0.1368
1982,4,0.1315,0.1351,0.1367,0.1399,0.14,0.139,0.1388,0.1387,0.1357,0.1339
1982,5,0.1197,0.1256,0.1293,0.1362,0.1373,0.1376,0.1386,0.1371,0.1363,0.1339
1982,6,0.1336,0.1414,0.1434,0.1466,0.1478,0.1465,0.1466,0.1444,0.1418,0.1391
1982,7,0.1057,0.119,0.1256,0.1317,0.1353,0.1373,0.1375,0.1368,0.1363,0.1342
1982,8,0.0872,0.1021,0.1113,0.1199,0.1236,0.1265,0.1289,0.1281,0.1259,0.125
1982,9,0.0788,0.0868,0.1026,0.1123,0.1152,0.1169,0.1172,0.1173,0.1165,0.1179
1982,10,0.0817,0.0873,0.0921,0.0985,0.1035,0.1058,0.1068,0.1071,0.1079,0.1101
1982,11,0.0856,0.0904,0.0938,0.0996,0.1008,0.1037,0.1067,0.1079,0.1079,0.107
1982,12,0.082,0.0842,0.0868,0.0948,0.0974,0.1009,0.1032,0.1036,0.1062,0.1043
1983,1,0.0836,0.0865,0.0891,0.0958,0.0993,0.1031,0.1069,0.108,0.1114,0.1099
1983,2,0.0821,0.0838,0.0861,0.0931,0.0955,0.0983,0.1001,0.1027,0.1062,0.1051
1983,3,0.0896,0.092,0.0934,0.0987,0.1004,0.1027,0.1052,0.1062,0.1084,0.1069
1983,4,0.0838,0.0855,0.0875,0.0935,0.0958,0.0988,0.1015,0.1027,0.1052,0.1038
1983,5,0.0897,0.0926,0.0948,0.1002,0.1021,0.1055,0.1077,0.1081,0.1112,0.1097
1983,6,0.0915,0.0943,0.097,0.1023,0.1041,0.1076,0.1092,0.1096,0.112,0.1101
1983,7,0.0959,0.0999,0.1048,0.1103,0.1122,0.1159,0.1174,0.1176,0.1201,0.118
1983,8,0.0964,0.1019,0.1059,0.1118,0.1145,0.1179,0.1194,0.1198,0.1215,0.1196
1983,9,0.0904,0.0941,0.0989,0.1053,0.1079,0.112,0.1139,0.1144,0.1164,0.1144
1983,10,0.0883,0.093,0.0982,0.1061,0.1098,0.1139,0.1162,0.1174,0.1193,0.1178
1983,11,0.0924,0.0961,0.0998,0.1067,0.1096,0.1136,0.1157,0.1163,0.1183,0.1167
1983,12,0.0933,0.0973,0.1008,0.1085,0.1113,0.1157,0.1177,0.1182,0.1198,0.1187
1984,1,0.0926,0.0953,0.0985,0.1058,0.1089,0.1134,0.1156,0.1167,0.1182,0.1178
1984,2,0.0959,0.0994,0.1025,0.1104,0.1128,0.118,0.12,0.1209,0.1225,0.1222
1984,3,0.1009,0.1049,0.108,0.116,0.1186,0.1228,0.1245,0.1253,0.1251,0.1252
1984,4,0.101,0.1048,0.1111,0.1189,0.122,0.1257,0.1275,0.1282,0.1288,0.1286
1984,5,0.1013,0.1133,0.1215,0.13,0.1333,0.1376,0.1387,0.1391,0.1383,0.1384
1984,6,0.1031,0.1119,0.123,0.1317,0.1348,0.1372,0.1382,0.1384,0.1377,0.1364
1984,7,0.1083,0.114,0.1186,0.1257,0.127,0.1285,0.1291,0.1291,0.1294,0.1287
1984,8,0.1106,0.1148,0.1196,0.1254,0.1261,0.1277,0.1285,0.1279,0.127,0.1251
1984,9,0.1063,0.1105,0.1143,0.1207,0.1228,0.1248,0.1254,0.1247,0.1237,0.1228
1984,10,0.0935,0.0984,0.1026,0.1109,0.1136,0.1159,0.117,0.1179,0.1171,0.1164
1984,11,0.0874,0.0918,0.0971,0.105,0.1086,0.1125,0.1156,0.1158,0.1171,0.1158
1984,12,0.0812,0.0864,0.0922,0.1002,0.1052,0.1108,0.1152,0.1155,0.117,0.1154
1985,1,0.0833,0.0861,0.0909,0.099,0.1036,0.1077,0.1107,0.1117,0.113,0.1121
1985,2,0.0881,0.0932,0.0972,0.1066,0.1103,0.1155,0.1187,0.1191,0.1213,0.119
1985,3,0.0847,0.0906,0.0949,0.1043,0.1079,0.1129,0.1159,0.1165,0.1189,0.1164
1985,4,0.0812,0.0856,0.0899,0.0991,0.1039,0.1091,0.1131,0.1141,0.117,0.1148
1985,5,0.0738,0.0762,0.0798,0.0892,0.0927,0.0968,0.1015,0.1028,0.107,0.1058
1985,6,0.0705,0.0733,0.0771,0.0867,0.0908,0.0965,0.1008,0.1025,0.1061,0.1047
1985,7,0.0752,0.0783,0.0812,0.0901,0.0947,0.0998,0.1041,0.1057,0.1089,0.107
1985,8,0.0738,0.077,0.0803,0.0896,0.0933,0.0974,0.1017,0.1028,0.1067,0.1048
1985,9,0.0727,0.0744,0.0799,0.0888,0.0927,0.0973,0.1015,0.1031,0.1075,0.1057
1985,10,0.0742,0.0767,0.0792,0.087,0.0906,0.0947,0.0982,0.1001,0.1045,0.1028
1985,11,0.0739,0.0763,0.0785,0.0846,0.087,0.0907,0.0947,0.0959,0.1007,0.0986
1985,12,0.0728,0.0744,0.076,0.0798,0.0822,0.0849,0.0887,0.09,0.095,0.0927
1986,1,0.0719,0.0741,0.0757,0.0799,0.0825,0.0853,0.0888,0.0908,0.0948,0.0934
1986,2,0.0724,0.0736,0.0743,0.0771,0.0779,0.0791,0.0805,0.0813,0.0834,0.0827
1986,3,0.0653,0.0657,0.0672,0.0692,0.0702,0.0719,0.0721,0.0739,0.0746,0.0744
1986,4,0.0628,0.0644,0.0654,0.0683,0.0702,0.0717,0.0726,0.0738,0.0755,0.0747
1986,5,0.0649,0.067,0.0688,0.0736,0.0758,0.0782,0.0803,0.0805,0.079,0.0774
1986,6,0.0613,0.0622,0.0641,0.0681,0.07,0.0723,0.0729,0.0735,0.073,0.0724
1986,7,0.0596,0.0606,0.062,0.0657,0.0681,0.0702,0.0722,0.0734,0.0742,0.0746
1986,8,0.0531,0.0538,0.0552,0.0594,0.0613,0.064,0.0675,0.0695,0.0712,0.0721
1986,9,0.0534,0.0561,0.0582,0.0638,0.0668,0.0698,0.0731,0.0745,0.0755,0.076
1986,10,0.0534,0.055,0.0573,0.0626,0.0651,0.0676,0.071,0.0734,0.0754,0.0761
1986,11,0.0554,0.0565,0.0576,0.0621,0.0638,0.0665,0.07,0.0715,0.073,0.0741
1986,12,0.0583,0.0587,0.0595,0.0635,0.0656,0.0681,0.0709,0.0723,0.0739,0.0749
1987,1,0.0576,0.0583,0.0593,0.0633,0.0651,0.0671,0.0699,0.0718,0.0737,0.0748
1987,2,0.056,0.0568,0.059,0.0635,0.0651,0.0671,0.07,0.0719,0.0738,0.0748
1987,3,0.0579,0.0601,0.0615,0.0654,0.0679,0.0702,0.0729,0.0751,0.0771,0.0781
1987,4,0.057,0.0625,0.0662,0.0738,0.0763,0.0782,0.0807,0.0821,0.0839,0.0845
1987,5,0.0587,0.0647,0.0688,0.0769,0.0794,0.0815,0.0835,0.0849,0.0864,0.0865
1987,6,0.0591,0.0619,0.0677,0.0748,0.0776,0.0802,0.0824,0.0838,0.0852,0.0851
1987,7,0.0627,0.0646,0.0689,0.0763,0.0795,0.0821,0.0848,0.0866,0.0886,0.0889
1987,8,0.0645,0.0662,0.0723,0.0797,0.0827,0.0852,0.0883,0.09,0.0918,0.0917
1987,9,0.0683,0.0719,0.0792,0.086,0.0893,0.0921,0.095,0.0963,0.0982,0.0979
1987,10,0.0545,0.0627,0.0675,0.0758,0.08,0.0837,0.0869,0.0888,0.0907,0.0903
1987,11,0.0542,0.0641,0.07,0.0773,0.0805,0.0843,0.0882,0.0899,0.0917,0.091
1987,12,0.0586,0.0647,0.071,0.0777,0.0804,0.0833,0.0867,0.0883,0.0902,0.0895
1988,1,0.0582,0.0632,0.0666,0.0722,0.0748,0.0776,0.0806,0.0826,0.0847,0.0842
1988,2,0.0576,0.0604,0.0664,0.0716,0.0735,0.0767,0.0797,0.0818,0.0843,0.0842
1988,3,0.0587,0.0632,0.0676,0.0741,0.0766,0.0804,0.084,0.0857,0.0884,0.0882
1988,4,0.0616,0.0666,0.0714,0.0773,0.0798,0.0833,0.0865,0.0887,0.0915,0.0911
1988,5,0.0667,0.0719,0.0766,0.0821,0.0844,0.0873,0.0903,0.092,0.0942,0.093
1988,6,0.0677,0.0704,0.075,0.0802,0.0818,0.0841,0.087,0.0882,0.0902,0.0887
1988,7,0.0718,0.075,0.079,0.0839,0.0857,0.0875,0.0898,0.0912,0.0936,0.0923
1988,8,0.0754,0.0789,0.0828,0.0871,0.0883,0.0895,0.0913,0.0925,0.0948,0.0931
1988,9,0.0749,0.0785,0.0813,0.0843,0.0852,0.0861,0.0878,0.0887,0.0912,0.0898
1988,10,0.0762,0.0789,0.0806,0.0825,0.0832,0.0837,0.0852,0.0865,0.089,0.0874
1988,11,0.081,0.0842,0.0862,0.0884,0.0887,0.0891,0.0902,0.0906,0.0928,0.0907
1988,12,0.0837,0.0867,0.0902,0.0914,0.0918,0.0914,0.0918,0.0914,0.0929,0.09
1989,1,0.0869,0.0891,0.0904,0.0912,0.0913,0.0908,0.0903,0.0901,0.0915,0.0884
1989,2,0.0903,0.0923,0.094,0.0955,0.0943,0.0942,0.0939,0.0932,0.0947,0.0914
1989,3,0.0923,0.0954,0.0964,0.0973,0.0966,0.0953,0.094,0.093,0.0946,0.0911
1989,4,0.0871,0.09,0.0912,0.0922,0.0915,0.0906,0.0904,0.0902,0.0922,0.0891
1989,5,0.0892,0.0887,0.0886,0.0882,0.0878,0.0865,0.0864,0.086,0.0885,0.086
1989,6,0.0826,0.0814,0.0812,0.0808,0.0805,0.0803,0.081,0.081,0.0832,0.0805
1989,7,0.0804,0.0783,0.0765,0.0753,0.0758,0.0756,0.0768,0.0782,0.0811,0.0792
1989,8,0.0816,0.0821,0.0828,0.0842,0.0837,0.0827,0.083,0.0826,0.085,0.0821
1989,9,0.0818,0.0834,0.0848,0.0846,0.0846,0.0836,0.084,0.0831,0.0854,0.0824
1989,10,0.0804,0.0799,0.0788,0.0785,0.0791,0.0786,0.0792,0.0792,0.0818,0.0792
1989,11,0.0784,0.0778,0.0772,0.0775,0.0775,0.0774,0.0783,0.0784,0.0814,0.079
1989,12,0.078,0.0787,0.0776,0.0787,0.0787,0.0786,0.0797,0.0793,0.0823,0.0798
1990,1,0.08,0.0813,0.0808,0.0828,0.0836,0.0835,0.0839,0.0843,0.0875,0.0846
1990,2,0.0804,0.0814,0.0812,0.0843,0.0845,0.0844,0.0854,0.0851,0.0884,0.0854
1990,3,0.0807,0.0824,0.0835,0.0864,0.0869,0.0865,0.087,0.0865,0.0897,0.0863
1990,4,0.0807,0.0844,0.0858,0.0896,0.0905,0.0904,0.0906,0.0904,0.0937,0.09
1990,5,0.0801,0.0812,0.0822,0.085,0.0853,0.0856,0.0864,0.086,0.0893,0.0858
1990,6,0.08,0.0802,0.0805,0.0824,0.0832,0.0835,0.0846,0.0843,0.0876,0.0841
1990,7,0.0774,0.0772,0.0772,0.0791,0.0804,0.0813,0.0828,0.0836,0.0873,0.0842
1990,8,0.0763,0.0774,0.0776,0.0807,0.0826,0.085,0.0877,0.0886,0.093,0.0899
1990,9,0.0737,0.0754,0.0769,0.0802,0.0819,0.0847,0.0873,0.0882,0.0927,0.0896
1990,10,0.0734,0.0746,0.0743,0.0777,0.0797,0.0824,0.085,0.0865,0.091,0.0878
1990,11,0.0724,0.0736,0.0731,0.0753,0.0767,0.0791,0.0818,0.0826,0.087,0.084
1990,12,0.0663,0.0673,0.0682,0.0715,0.074,0.0768,0.08,0.0808,0.0854,0.0826
1991,1,0.0637,0.0649,0.0651,0.0705,0.073,0.0762,0.0789,0.0803,0.085,0.0821
1991,2,0.0622,0.0632,0.0641,0.0704,0.0726,0.0766,0.0789,0.0802,0.0849,0.0819
1991,3,0.0592,0.0605,0.0628,0.0702,0.073,0.0773,0.0796,0.0805,0.0854,0.0824
1991,4,0.0568,0.0583,0.0606,0.068,0.0715,0.0763,0.0788,0.0802,0.0851,0.082
1991,5,0.0571,0.0594,0.0616,0.0668,0.071,0.0769,0.0792,0.0806,0.0857,0.0826
1991,6,0.0571,0.0595,0.0632,0.069,0.0733,0.079,0.0814,0.0824,0.0875,0.0842
1991,7,0.057,0.0593,0.0619,0.0681,0.0721,0.0777,0.0803,0.082,0.0871,0.0836
1991,8,0.0549,0.056,0.0572,0.0636,0.0668,0.0734,0.0767,0.0782,0.0835,0.0806
1991,9,0.0526,0.0534,0.0542,0.0599,0.0628,0.0692,0.0729,0.0747,0.0805,0.0782
1991,10,0.0496,0.0503,0.051,0.057,0.0606,0.0674,0.0715,0.0747,0.0811,0.0791
1991,11,0.0447,0.0457,0.0469,0.0538,0.0576,0.0648,0.0699,0.0738,0.0808,0.0794
1991,12,0.0396,0.04,0.0412,0.0477,0.0511,0.0593,0.0638,0.0671,0.0745,0.0741
1992,1,0.0394,0.0407,0.0423,0.0511,0.0565,0.0644,0.0692,0.0731,0.0797,0.0777
1992,2,0.0403,0.0414,0.0435,0.0527,0.0575,0.0658,0.0695,0.0727,0.0797,0.078
1992,3,0.0415,0.0432,0.0454,0.056,0.0617,0.0694,0.0725,0.0754,0.082,0.0796
1992,4,0.0379,0.0397,0.044,0.0546,0.0605,0.0691,0.0726,0.0761,0.083,0.0806
1992,5,0.0379,0.0396,0.0424,0.0519,0.0575,0.0661,0.07,0.0733,0.0804,0.0784
1992,6,0.0365,0.0377,0.0405,0.0483,0.0539,0.0629,0.0676,0.0714,0.0792,0.0779
1992,7,0.0325,0.0338,0.0362,0.0442,0.0497,0.0584,0.0627,0.0672,0.0753,0.0746
1992,8,0.0323,0.0335,0.0347,0.0415,0.0469,0.056,0.0617,0.0662,0.0746,0.0742
1992,9,0.0275,0.0292,0.0306,0.038,0.0434,0.0533,0.0594,0.0637,0.0731,0.0738
1992,10,0.0303,0.0329,0.0354,0.044,0.0498,0.059,0.0636,0.068,0.0768,0.0763
1992,11,0.0338,0.0358,0.0383,0.0479,0.0536,0.0623,0.0661,0.0695,0.0774,0.0759
1992,12,0.0315,0.0338,0.0361,0.0456,0.0512,0.0604,0.0643,0.067,0.0752,0.074
1993,1,0.0296,0.0316,0.0339,0.042,0.0472,0.0557,0.06,0.0639,0.0725,0.0721
1993,2,0.0301,0.0314,0.0332,0.0392,0.0437,0.0521,0.0567,0.0603,0.069,0.069
1993,3,0.0295,0.0309,0.0332,0.0396,0.0442,0.0524,0.0572,0.0603,0.0692,0.0693
1993,4,0.0297,0.0307,0.0326,0.0383,0.043,0.0514,0.0563,0.0605,0.0695,0.0695
1993,5,0.0313,0.0332,0.0362,0.0424,0.0463,0.0537,0.058,0.0616,0.0703,0.0698
1993,6,0.031,0.0322,0.0345,0.0403,0.0439,0.0505,0.0546,0.058,0.0668,0.0668
1993,7,0.031,0.0328,0.0353,0.0413,0.045,0.0516,0.055,0.0583,0.0665,0.0657
1993,8,0.0308,0.0321,0.0338,0.0388,0.042,0.048,0.0511,0.0545,0.0619,0.0609
1993,9,0.0298,0.0313,0.0339,0.0389,0.0424,0.0479,0.0511,0.054,0.0614,0.0604
1993,10,0.031,0.0328,0.0347,0.0399,0.043,0.0483,0.0519,0.0543,0.0612,0.0596
1993,11,0.0321,0.034,0.0365,0.0422,0.0455,0.0515,0.0553,0.0583,0.0646,0.0629
1993,12,0.0307,0.033,0.0363,0.0425,0.0458,0.0521,0.0553,0.0583,0.0648,0.0635
1994,1,0.0305,0.0325,0.0353,0.0412,0.0444,0.0502,0.0534,0.057,0.0629,0.0623
1994,2,0.0347,0.0372,0.0403,0.0467,0.0504,0.056,0.0594,0.0615,0.0675,0.0667
1994,3,0.0356,0.0392,0.045,0.0521,0.0566,0.0623,0.0659,0.0677,0.0723,0.0711
1994,4,0.0397,0.0445,0.0507,0.0573,0.0616,0.0664,0.0688,0.0706,0.0744,0.0731
1994,5,0.0431,0.0487,0.0538,0.0601,0.0636,0.0677,0.0699,0.0717,0.0758,0.0744
1994,6,0.0426,0.0483,0.0551,0.0619,0.0652,0.0697,0.0718,0.0734,0.0775,0.0763
1994,7,0.0439,0.0487,0.0537,0.0599,0.0633,0.0673,0.0692,0.0712,0.0746,0.0739
1994,8,0.0468,0.0503,0.0556,0.0617,0.0644,0.0681,0.07,0.0719,0.076,0.0746
1994,9,0.048,0.0543,0.0596,0.0662,0.0692,0.0728,0.0746,0.0762,0.0798,0.0782
1994,10,0.052,0.0572,0.0618,0.0684,0.071,0.0748,0.0765,0.0781,0.0809,0.0797
1994,11,0.0572,0.0622,0.0691,0.074,0.0762,0.0779,0.0784,0.0791,0.081,0.0799
1994,12,0.0568,0.0651,0.072,0.0769,0.078,0.0783,0.0784,0.0784,0.0802,0.0789
1995,1,0.06,0.064,0.0684,0.0726,0.0739,0.0754,0.0758,0.076,0.0781,0.0771
1995,2,0.0594,0.0619,0.0644,0.0679,0.069,0.0706,0.0715,0.0722,0.0758,0.0746
1995,3,0.0588,0.0613,0.0649,0.068,0.0692,0.0708,0.0717,0.072,0.0754,0.0744
1995,4,0.0587,0.0608,0.0632,0.066,0.0672,0.0688,0.0695,0.0707,0.0742,0.0734
1995,5,0.0581,0.0583,0.058,0.0589,0.0595,0.0608,0.0618,0.063,0.0672,0.0667
1995,6,0.056,0.0559,0.0565,0.0579,0.0588,0.0598,0.0612,0.0621,0.0664,0.0663
1995,7,0.056,0.0563,0.0567,0.0588,0.0602,0.0616,0.0635,0.0645,0.0688,0.0686
1995,8,0.0545,0.0553,0.0565,0.0585,0.0595,0.0607,0.0621,0.0628,0.0672,0.0665
1995,9,0.054,0.0557,0.0565,0.0583,0.0591,0.0601,0.0611,0.0617,0.066,0.0649
1995,10,0.0548,0.0555,0.0555,0.0561,0.057,0.0581,0.0592,0.0603,0.064,0.0634
1995,11,0.0548,0.0546,0.0536,0.0536,0.0541,0.0553,0.0568,0.0576,0.062,0.0614
1995,12,0.051,0.0517,0.0518,0.0518,0.0525,0.0538,0.0549,0.0558,0.0601,0.0596
1996,1,0.0505,0.0497,0.049,0.0493,0.0506,0.0525,0.0546,0.056,0.0607,0.0603
1996,2,0.0501,0.0505,0.0522,0.0543,0.0551,0.0573,0.0597,0.0611,0.0658,0.0648
1996,3,0.0513,0.052,0.0541,0.0579,0.0591,0.061,0.063,0.0634,0.0683,0.0667
1996,4,0.0514,0.053,0.0562,0.0603,0.0619,0.064,0.0658,0.0666,0.0706,0.0689
1996,5,0.0518,0.0536,0.0577,0.0627,0.0644,0.0664,0.0678,0.0685,0.0717,0.07
1996,6,0.0518,0.0537,0.057,0.0611,0.063,0.0647,0.0661,0.0673,0.0703,0.069
1996,7,0.0532,0.0547,0.0585,0.0622,0.0639,0.0657,0.0668,0.068,0.0707,0.0698
1996,8,0.0529,0.0549,0.0591,0.0634,0.0654,0.0673,0.0686,0.0696,0.0728,0.0713
1996,9,0.0514,0.0537,0.0571,0.061,0.0628,0.0646,0.066,0.0672,0.0705,0.0693
1996,10,0.0517,0.053,0.0544,0.0577,0.0592,0.061,0.0624,0.0637,0.0674,0.0666
1996,11,0.0513,0.0525,0.0538,0.0559,0.057,0.0584,0.0597,0.0606,0.0645,0.0636
1996,12,0.0521,0.0533,0.0551,0.0588,0.0604,0.0621,0.0634,0.0643,0.0673,0.0665
1997,1,0.0515,0.0528,0.0558,0.0594,0.0608,0.0626,0.064,0.0653,0.0686,0.068
1997,2,0.0522,0.0539,0.0567,0.0609,0.0623,0.0639,0.065,0.0656,0.0691,0.068
1997,3,0.0535,0.0555,0.0602,0.0645,0.066,0.0677,0.0689,0.0692,0.0722,0.071
1997,4,0.0528,0.0553,0.059,0.0629,0.0642,0.0657,0.0668,0.0672,0.0705,0.0695
1997,5,0.0496,0.0546,0.0578,0.0622,0.0637,0.0651,0.0661,0.0667,0.0699,0.0692
1997,6,0.0525,0.0534,0.0567,0.0608,0.0625,0.064,0.0649,0.0651,0.0686,0.068
1997,7,0.0525,0.0533,0.0545,0.0574,0.0581,0.059,0.0599,0.0602,0.0635,0.063
1997,8,0.0524,0.0539,0.0559,0.0597,0.061,0.0622,0.0633,0.0634,0.0669,0.0661
1997,9,0.0506,0.0528,0.0547,0.058,0.0588,0.06,0.0611,0.0612,0.0647,0.0641
1997,10,0.0521,0.0532,0.0536,0.0563,0.057,0.0572,0.0587,0.0584,0.0621,0.0615
1997,11,0.0522,0.0543,0.0552,0.0576,0.058,0.0583,0.0589,0.0586,0.0612,0.0604
1997,12,0.0536,0.0545,0.0551,0.0566,0.0568,0.0571,0.0577,0.0575,0.0602,0.0593
1998,1,0.0519,0.0524,0.0524,0.0532,0.0535,0.0539,0.0551,0.0553,0.0588,0.0582
1998,2,0.0532,0.0533,0.0541,0.0555,0.0555,0.0559,0.0567,0.0562,0.0599,0.0592
1998,3,0.0516,0.0527,0.0541,0.056,0.0561,0.0564,0.0574,0.0567,0.0602,0.0594
1998,4,0.05,0.0524,0.054,0.0559,0.0562,0.0565,0.0574,0.0568,0.0604,0.0595
1998,5,0.0503,0.0533,0.0542,0.0553,0.0554,0.0556,0.0563,0.0556,0.059,0.0581
1998,6,0.051,0.0524,0.0538,0.0549,0.0549,0.0547,0.0552,0.0544,0.0573,0.0562
1998,7,0.051,0.0521,0.0538,0.0549,0.0548,0.0552,0.0556,0.055,0.0581,0.0572
1998,8,0.0496,0.0503,0.0495,0.0491,0.0485,0.0491,0.0503,0.0505,0.0545,0.053
1998,9,0.0437,0.0449,0.0441,0.043,0.0426,0.0423,0.0438,0.0444,0.0517,0.0498
1998,10,0.0433,0.0436,0.0418,0.0412,0.0424,0.0424,0.0447,0.0464,0.0538,0.0515
1998,11,0.0457,0.0458,0.0453,0.0454,0.0454,0.0451,0.047,0.0474,0.0533,0.0508
1998,12,0.0448,0.0455,0.0453,0.0454,0.0455,0.0456,0.0473,0.0465,0.0539,0.0509
1999,1,0.0448,0.0447,0.0451,0.0458,0.0457,0.0455,0.0472,0.0466,0.0535,0.0509
1999,2,0.0466,0.047,0.0488,0.0513,0.0516,0.0521,0.0539,0.0529,0.0585,0.0557
1999,3,0.0449,0.0453,0.0472,0.0499,0.0507,0.0512,0.0538,0.0525,0.0592,0.0563
1999,4,0.0455,0.0466,0.0478,0.0508,0.0517,0.0524,0.0542,0.0536,0.0594,0.0568
1999,5,0.0466,0.0483,0.0497,0.0542,0.0551,0.056,0.0583,0.0564,0.0615,0.0584
1999,6,0.0478,0.0504,0.0507,0.0553,0.0559,0.0567,0.0593,0.0581,0.0629,0.0598
1999,7,0.0475,0.0485,0.0513,0.0563,0.057,0.0582,0.061,0.0592,0.064,0.0611
1999,8,0.0498,0.0521,0.053,0.0573,0.0582,0.0588,0.062,0.0598,0.0649,0.0607
1999,9,0.0488,0.0499,0.0522,0.0563,0.057,0.0578,0.061,0.059,0.0647,0.0606
1999,10,0.0512,0.0528,0.0543,0.0579,0.059,0.0597,0.0619,0.0602,0.0652,0.0616
1999,11,0.053,0.0557,0.057,0.0601,0.0605,0.0611,0.0628,0.0618,0.0662,0.0629
1999,12,0.0533,0.0574,0.0598,0.0624,0.0629,0.0636,0.0655,0.0645,0.0683,0.0648
2000,1,0.0576,0.0597,0.063,0.0661,0.0665,0.0671,0.0675,0.0668,0.0672,0.0649
2000,2,0.058,0.0602,0.0621,0.0647,0.065,0.0653,0.0662,0.0637,0.0647,0.0616
2000,3,0.0588,0.0615,0.0628,0.065,0.0644,0.0632,0.0628,0.0603,0.062,0.0584
2000,4,0.0582,0.0612,0.0624,0.0668,0.0664,0.0656,0.0649,0.0623,0.0631,0.0597
2000,5,0.0563,0.0635,0.0637,0.0669,0.0666,0.0654,0.0652,0.0629,0.0642,0.0602
2000,6,0.0588,0.0623,0.0608,0.0638,0.0631,0.0618,0.0625,0.0603,0.0626,0.059
2000,7,0.0627,0.0642,0.0607,0.063,0.0624,0.0616,0.0619,0.0604,0.0613,0.0579
2000,8,0.0631,0.0638,0.0622,0.0618,0.0609,0.0598,0.0598,0.0573,0.0596,0.0567
2000,9,0.0623,0.0628,0.0607,0.0598,0.0591,0.0585,0.0593,0.058,0.0613,0.0588
2000,10,0.0638,0.0636,0.0612,0.0594,0.0587,0.0583,0.0587,0.0577,0.0602,0.0579
2000,11,0.0621,0.0618,0.0592,0.0561,0.0552,0.0542,0.055,0.0548,0.0578,0.056
2000,12,0.0589,0.057,0.0532,0.0511,0.0506,0.0499,0.0516,0.0512,0.0559,0.0546
2001,1,0.0499,0.0483,0.046,0.0462,0.0467,0.0485,0.0508,0.0519,0.0565,0.0554
2001,2,0.0485,0.047,0.0447,0.0441,0.0448,0.047,0.0493,0.0492,0.0551,0.0534
2001,3,0.043,0.0409,0.0409,0.0418,0.0433,0.0462,0.0486,0.0493,0.056,0.0546
2001,4,0.0395,0.0397,0.0394,0.043,0.0455,0.0497,0.0522,0.0535,0.0592,0.0578
2001,5,0.0363,0.0359,0.0363,0.0422,0.0449,0.0494,0.0527,0.0543,0.0595,0.0578
2001,6,0.0365,0.0363,0.0372,0.0425,0.0452,0.0497,0.0528,0.0542,0.0591,0.0575
2001,7,0.0354,0.0347,0.0353,0.0379,0.0406,0.0457,0.0486,0.0507,0.0561,0.0551
2001,8,0.0337,0.0331,0.0341,0.0364,0.0391,0.0446,0.0472,0.0485,0.0547,0.0539
2001,9,0.024,0.0236,0.0249,0.0286,0.0322,0.0393,0.0437,0.046,0.0545,0.0542
2001,10,0.0205,0.0195,0.0207,0.0244,0.0287,0.0366,0.0403,0.043,0.0505,0.0489
2001,11,0.0178,0.0179,0.0206,0.0284,0.033,0.0408,0.0455,0.0478,0.0554,0.0527
2001,12,0.0174,0.0183,0.0217,0.0307,0.0359,0.0438,0.0484,0.0507,0.0574,0.0548
2002,1,0.0176,0.0189,0.0229,0.0316,0.037,0.0442,0.0482,0.0507,0.0568,0.0544
2002,2,0.0179,0.0187,0.0225,0.0306,0.0364,0.0427,0.047,0.0488,0.0561,0.055
2002,3,0.0179,0.0212,0.027,0.0372,0.0431,0.0491,0.0529,0.0542,0.0603,0.0591
2002,4,0.0177,0.0191,0.0235,0.0324,0.0383,0.0453,0.0488,0.0511,0.0574,0.0563
2002,5,0.0174,0.0191,0.0234,0.0322,0.0373,0.0437,0.0477,0.0508,0.0577,0.0565
2002,6,0.017,0.0175,0.0206,0.029,0.0337,0.0409,0.0452,0.0486,0.0565,0.0554
2002,7,0.0171,0.017,0.018,0.0223,0.0267,0.0353,0.0409,0.0451,0.0541,0.053
2002,8,0.0169,0.0167,0.0174,0.0214,0.025,0.0322,0.0378,0.0414,0.0506,0.0496
2002,9,0.0157,0.0151,0.0153,0.0172,0.0202,0.0263,0.0325,0.0363,0.0475,0.0466
2002,10,0.0144,0.0143,0.0146,0.0168,0.0205,0.0281,0.0345,0.0393,0.0503,0.0493
2002,11,0.0122,0.013,0.0156,0.0208,0.0251,0.0328,0.0388,0.0422,0.0518,0.0508
2002,12,0.0122,0.0123,0.0132,0.0161,0.0199,0.0278,0.0336,0.0383,0.0483,0.0473
2003,1,0.0118,0.0119,0.0131,0.0172,0.0216,0.0302,0.0355,0.04,0.0493,0.0483
2003,2,0.012,0.0119,0.0124,0.0153,0.0191,0.0269,0.0324,0.0371,0.047,0.0461
2003,3,0.0114,0.0113,0.0119,0.0151,0.0193,0.0278,0.0335,0.0383,0.0484,0.0474
2003,4,0.0113,0.0115,0.0122,0.0151,0.0195,0.0285,0.0339,0.0389,0.0479,0.0469
2003,5,0.0111,0.0109,0.0113,0.0133,0.0158,0.023,0.0287,0.0337,0.0436,0.0427
2003,6,0.009,0.0098,0.0109,0.0132,0.0166,0.0246,0.0303,0.0354,0.0452,0.0443
2003,7,0.0096,0.0102,0.0128,0.018,0.0233,0.0338,0.0398,0.0449,0.0543,0.0532
2003,8,0.0098,0.0106,0.0135,0.0195,0.0251,0.0346,0.04,0.0445,0.0533,0.0522
2003,9,0.0095,0.0101,0.0115,0.015,0.0195,0.0285,0.0341,0.0396,0.0491,0.0481
2003,10,0.0096,0.0104,0.0131,0.0185,0.0236,0.0327,0.038,0.0433,0.052,0.051
2003,11,0.0093,0.0104,0.0139,0.0206,0.0256,0.0338,0.0389,0.0434,0.052,0.051
2003,12,0.0095,0.0102,0.0126,0.0184,0.0237,0.0325,0.0377,0.0427,0.051,0.05
2004,1,0.0092,0.0101,0.0128,0.0184,0.0235,0.0317,0.0368,0.0416,0.05,0.049
2004,2,0.0096,0.0101,0.0121,0.0166,0.0213,0.0301,0.0348,0.0399,0.0485,0.0475
2004,3,0.0095,0.0101,0.012,0.016,0.0199,0.028,0.0333,0.0386,0.0477,0.0467
2004,4,0.0098,0.0117,0.0155,0.0231,0.0286,0.0363,0.0411,0.0453,0.0531,0.052
2004,5,0.0108,0.0139,0.0183,0.0254,0.031,0.0381,0.0426,0.0466,0.0539,0.0528
2004,6,0.0133,0.0168,0.0209,0.027,0.0316,0.0381,0.0424,0.0462,0.0533,0.0522
2004,7,0.0145,0.0177,0.0213,0.0268,0.0309,0.0371,0.0413,0.045,0.0524,0.0514
2004,8,0.0159,0.0179,0.0199,0.0241,0.0275,0.0333,0.0376,0.0413,0.0493,0.0483
2004,9,0.0171,0.02,0.0221,0.0263,0.0289,0.0338,0.0379,0.0414,0.0489,0.0479
2004,10,0.0191,0.0213,0.0228,0.0256,0.0282,0.033,0.037,0.0405,0.0479,0.0469
2004,11,0.0223,0.0244,0.0263,0.0302,0.0329,0.0372,0.0407,0.0436,0.0503,0.0493
2004,12,0.0222,0.0259,0.0275,0.0308,0.0325,0.0363,0.0394,0.0424,0.0485,0.0475
2005,1,0.0251,0.0279,0.0296,0.0329,0.0343,0.0371,0.0392,0.0414,0.0464,0.0455
2005,2,0.0276,0.0301,0.032,0.0359,0.0375,0.04,0.0418,0.0436,0.0479,0.0469
2005,3,0.0279,0.0313,0.0335,0.038,0.0396,0.0418,0.0433,0.045,0.0488,0.0478
2005,4,0.029,0.0317,0.0333,0.0366,0.0373,0.039,0.0403,0.0421,0.0461,0.0452
2005,5,0.0299,0.0318,0.0332,0.036,0.0365,0.0376,0.0386,0.04,0.044,0.0431
2005,6,0.0313,0.0334,0.0345,0.0366,0.0367,0.0372,0.038,0.0394,0.0428,0.0419
2005,7,0.0342,0.0369,0.038,0.0402,0.0406,0.0412,0.0419,0.0428,0.0456,0.0447
2005,8,0.0352,0.0374,0.0377,0.0384,0.0383,0.0387,0.0393,0.0402,0.043,0.0421
2005,9,0.0355,0.0393,0.0401,0.0418,0.0418,0.0418,0.0423,0.0434,0.0462,0.0453
2005,10,0.0398,0.0426,0.0431,0.044,0.0441,0.0445,0.0449,0.0457,0.0484,0.0474
2005,11,0.0395,0.0431,0.0434,0.0442,0.0441,0.0442,0.0445,0.0449,0.0481,0.0471
2005,12,0.0408,0.0437,0.0438,0.0441,0.0437,0.0435,0.0436,0.0439,0.0461,0.0452
2006,1,0.0447,0.0459,0.0458,0.0454,0.0449,0.0447,0.0449,0.0453,0.0474,0.0465
2006,2,0.0462,0.0474,0.0473,0.0469,0.0467,0.0461,0.0457,0.0455,0.047,0.0451
2006,3,0.0463,0.0481,0.0482,0.0482,0.0483,0.0482,0.0483,0.0486,0.0507,0.049
2006,4,0.0477,0.0491,0.049,0.0487,0.0487,0.0492,0.0498,0.0507,0.0531,0.0517
2006,5,0.0486,0.0508,0.0507,0.0504,0.0503,0.0504,0.0506,0.0512,0.0535,0.0521
2006,6,0.0501,0.0524,0.0521,0.0516,0.0513,0.051,0.0511,0.0515,0.0531,0.0519
2006,7,0.051,0.0518,0.0511,0.0497,0.0493,0.0491,0.0493,0.0499,0.0517,0.0507
2006,8,0.0505,0.0511,0.0501,0.0479,0.0471,0.047,0.047,0.0474,0.0495,0.0488
2006,9,0.0489,0.0502,0.0491,0.0471,0.0462,0.0459,0.046,0.0464,0.0484,0.0477
2006,10,0.0508,0.0513,0.0499,0.0471,0.0462,0.0457,0.0457,0.0461,0.0481,0.0472
2006,11,0.0503,0.051,0.0494,0.0462,0.0452,0.0445,0.0445,0.0446,0.0466,0.0456
2006,12,0.0502,0.0509,0.05,0.0482,0.0474,0.047,0.047,0.0471,0.0491,0.0481
2007,1,0.0512,0.0516,0.0509,0.0494,0.0485,0.0482,0.0482,0.0483,0.0502,0.0493
2007,2,0.0516,0.0512,0.0496,0.0465,0.0455,0.0452,0.0453,0.0456,0.0478,0.0468
2007,3,0.0504,0.0506,0.049,0.0458,0.0454,0.0454,0.0458,0.0465,0.0492,0.0484
2007,4,0.0491,0.0503,0.0489,0.046,0.0454,0.0451,0.0455,0.0463,0.0488,0.0481
2007,5,0.0473,0.0496,0.0495,0.0492,0.0488,0.0486,0.0487,0.049,0.051,0.0501
2007,6,0.0482,0.0493,0.0491,0.0487,0.0489,0.0492,0.0496,0.0503,0.0521,0.0512
2007,7,0.0496,0.0499,0.0485,0.0456,0.0455,0.046,0.0467,0.0478,0.05,0.0492
2007,8,0.0401,0.0421,0.0419,0.0415,0.0416,0.0425,0.0436,0.0454,0.0487,0.0483
2007,9,0.0382,0.0409,0.0405,0.0397,0.0403,0.0423,0.0438,0.0459,0.0489,0.0483
2007,10,0.0394,0.0409,0.0404,0.0394,0.0394,0.0416,0.0429,0.0448,0.0479,0.0474
2007,11,0.0315,0.0337,0.0326,0.0304,0.0309,0.0341,0.0364,0.0397,0.0444,0.044
2007,12,0.0336,0.0349,0.0334,0.0305,0.0307,0.0345,0.037,0.0404,0.045,0.0445
2008,1,0.0196,0.0207,0.0211,0.0217,0.0227,0.0282,0.0319,0.0367,0.0435,0.0435
2008,2,0.019,0.0195,0.0192,0.0187,0.021,0.0273,0.0317,0.0371,0.0451,0.0455
2008,3,0.0138,0.0151,0.0155,0.0162,0.0179,0.0246,0.0288,0.0345,0.043,0.043
2008,4,0.0143,0.0164,0.0185,0.0229,0.0249,0.0303,0.0334,0.0377,0.0449,0.0449
2008,5,0.0189,0.0201,0.0222,0.0266,0.0293,0.0341,0.0368,0.0406,0.0474,0.0472
2008,6,0.019,0.0217,0.0236,0.0263,0.0291,0.0334,0.0361,0.0399,0.0459,0.0453
2008,7,0.0168,0.0189,0.0227,0.0252,0.0281,0.0325,0.0356,0.0399,0.0463,0.0459
2008,8,0.0172,0.0197,0.0217,0.0236,0.026,0.031,0.0345,0.0383,0.0447,0.0443
2008,9,0.0092,0.016,0.0178,0.02,0.0228,0.0298,0.0338,0.0385,0.0443,0.0431
2008,10,0.0046,0.0094,0.0134,0.0156,0.018,0.028,0.0329,0.0401,0.0474,0.0435
2008,11,0.0001,0.0044,0.009,0.01,0.0127,0.0193,0.0235,0.0293,0.0371,0.0345
2008,12,0.0011,0.0027,0.0037,0.0076,0.01,0.0155,0.0187,0.0225,0.0305,0.0269
2009,1,0.0024,0.0036,0.0051,0.0094,0.0132,0.0185,0.0227,0.0287,0.0386,0.0358
2009,2,0.0026,0.0045,0.0072,0.01,0.014,0.0199,0.0269,0.0302,0.0398,0.0371
2009,3,0.0021,0.0043,0.0057,0.0081,0.0115,0.0167,0.0228,0.0271,0.0361,0.0356
2009,4,0.0014,0.0029,0.0049,0.0091,0.0138,0.0202,0.027,0.0316,0.041,0.0405
2009,5,0.0014,0.003,0.0047,0.0092,0.0142,0.0234,0.0306,0.0347,0.0434,0.0434
2009,6,0.0019,0.0035,0.0056,0.0111,0.0164,0.0254,0.0319,0.0353,0.043,0.0432
2009,7,0.0018,0.0026,0.0048,0.0113,0.0162,0.0253,0.0314,0.0352,0.0429,0.0431
2009,8,0.0015,0.0024,0.0043,0.0097,0.0149,0.0239,0.0303,0.034,0.0414,0.0418
2009,9,0.0014,0.0018,0.004,0.0095,0.0145,0.0231,0.0293,0.0331,0.0402,0.0403
2009,10,0.0005,0.0016,0.0037,0.009,0.0143,0.0231,0.0298,0.0341,0.0419,0.0423
2009,11,0.0006,0.0015,0.0027,0.0067,0.0112,0.0201,0.0269,0.0321,0.0407,0.042
2009,12,0.0006,0.002,0.0047,0.0114,0.017,0.0269,0.0339,0.0385,0.0458,0.0463
2010,1,0.0008,0.0015,0.003,0.0082,0.0138,0.0234,0.0308,0.0363,0.0438,0.0451
2010,2,0.0013,0.0019,0.0032,0.0081,0.0136,0.023,0.0305,0.0361,0.044,0.0455
2010,3,0.0016,0.0024,0.0041,0.0102,0.016,0.0255,0.0328,0.0384,0.0455,0.0472
2010,4,0.0016,0.0025,0.0041,0.0097,0.0151,0.0243,0.0312,0.0369,0.0436,0.0453
2010,5,0.0016,0.0022,0.0034,0.0076,0.0126,0.021,0.0275,0.0331,0.0405,0.0422
2010,6,0.0018,0.0022,0.0032,0.0061,0.01,0.0179,0.0242,0.0297,0.0374,0.0391
2010,7,0.0015,0.002,0.0029,0.0055,0.0084,0.016,0.023,0.0294,0.0374,0.0398
2010,8,0.0014,0.0019,0.0025,0.0047,0.0072,0.0133,0.0192,0.0247,0.0323,0.0352
2010,9,0.0016,0.0019,0.0027,0.0042,0.0064,0.0127,0.0191,0.0253,0.0338,0.0369
2010,10,0.0012,0.0017,0.0022,0.0034,0.0051,0.0117,0.0189,0.0263,0.0364,0.0399
2010,11,0.0017,0.0021,0.0027,0.0045,0.0072,0.0147,0.0216,0.0281,0.038,0.0412
2010,12,0.0012,0.0019,0.0029,0.0061,0.0102,0.0201,0.0271,0.033,0.0413,0.0434
2011,1,0.0015,0.0017,0.0026,0.0058,0.0098,0.0195,0.0271,0.0342,0.0433,0.0458
2011,2,0.0015,0.0018,0.0025,0.0069,0.0118,0.0213,0.0282,0.0342,0.0425,0.0449
2011,3,0.0009,0.0017,0.003,0.008,0.0129,0.0224,0.029,0.0347,0.0429,0.0451
2011,4,0.0004,0.0011,0.0022,0.0061,0.0101,0.0197,0.0266,0.0332,0.0415,0.044
2011,5,0.0006,0.0012,0.0018,0.0045,0.0079,0.0168,0.0237,0.0305,0.0391,0.0422
2011,6,0.0003,0.001,0.0019,0.0045,0.0081,0.0176,0.025,0.0318,0.0409,0.0438
2011,7,0.001,0.0016,0.002,0.0036,0.0055,0.0135,0.0209,0.0282,0.0377,0.0412
2011,8,0.0002,0.0005,0.001,0.002,0.0033,0.0096,0.0156,0.0223,0.0319,0.036
2011,9,0.0002,0.0006,0.0013,0.0025,0.0042,0.0096,0.0143,0.0192,0.0266,0.029
2011,10,0.0001,0.0006,0.0012,0.0025,0.0041,0.0099,0.0158,0.0217,0.0289,0.0316
2011,11,0.0001,0.0006,0.0012,0.0025,0.0041,0.0096,0.0153,0.0208,0.0277,0.0306
2011,12,0.0002,0.0006,0.0012,0.0025,0.0036,0.0083,0.0135,0.0189,0.0257,0.0289
2012,1,0.0006,0.0008,0.0013,0.0022,0.003,0.0071,0.0124,0.0183,0.0259,0.0294
2012,2,0.0008,0.0013,0.0018,0.003,0.0043,0.0087,0.0139,0.0198,0.0273,0.0308
2012,3,0.0007,0.0015,0.0019,0.0033,0.0051,0.0104,0.0161,0.0223,0.03,0.0335
2012,4,0.001,0.0015,0.002,0.0027,0.0038,0.0082,0.0133,0.0195,0.0273,0.0312
2012,5,0.0007,0.0014,0.0018,0.0027,0.0035,0.0067,0.0103,0.0159,0.0227,0.0267
2012,6,0.0009,0.0016,0.0021,0.0033,0.0041,0.0072,0.0111,0.0167,0.0238,0.0276
2012,7,0.0011,0.0014,0.0016,0.0023,0.003,0.006,0.0098,0.0151,0.0221,0.0256
2012,8,0.0009,0.0014,0.0016,0.0022,0.003,0.0059,0.0101,0.0157,0.0229,0.0268
2012,9,0.001,0.0014,0.0017,0.0023,0.0031,0.0062,0.0104,0.0165,0.0242,0.0282
2012,10,0.0011,0.0016,0.0018,0.003,0.0038,0.0072,0.0114,0.0172,0.0246,0.0285
2012,11,0.0008,0.0013,0.0018,0.0025,0.0034,0.0061,0.0104,0.0162,0.0237,0.0281
2012,12,0.0005,0.0011,0.0016,0.0025,0.0036,0.0072,0.0118,0.0178,0.0254,0.0295
2013,1,0.0007,0.0012,0.0015,0.0027,0.0042,0.0088,0.0138,0.0202,0.0279,0.0317
2013,2,0.0011,0.0013,0.0017,0.0025,0.0036,0.0077,0.0126,0.0189,0.0271,0.031
2013,3,0.0007,0.0011,0.0014,0.0025,0.0036,0.0077,0.0124,0.0187,0.0271,0.031
2013,4,0.0005,0.0009,0.0011,0.0022,0.0032,0.0068,0.0111,0.017,0.0249,0.0288
2013,5,0.0004,0.0007,0.0014,0.003,0.0052,0.0105,0.0155,0.0216,0.0295,0.033
2013,6,0.0004,0.001,0.0015,0.0036,0.0066,0.0141,0.0196,0.0252,0.0322,0.0352
2013,7,0.0004,0.0008,0.0011,0.0031,0.0061,0.0138,0.02,0.026,0.0334,0.0364
2013,8,0.0003,0.0005,0.0013,0.0039,0.0079,0.0162,0.0224,0.0278,0.0346,0.037
2013,9,0.0002,0.0004,0.001,0.0033,0.0063,0.0139,0.0202,0.0264,0.0341,0.0369
2013,10,0.0004,0.0008,0.001,0.0031,0.0057,0.0131,0.0195,0.0257,0.0333,0.0363
2013,11,0.0006,0.0011,0.0013,0.0028,0.0056,0.0137,0.021,0.0275,0.0354,0.0382
2013,12,0.0007,0.001,0.0013,0.0038,0.0078,0.0175,0.0245,0.0304,0.0372,0.0396
2014,1,0.0002,0.0006,0.001,0.0034,0.0069,0.0149,0.0213,0.0267,0.0335,0.0361
2014,2,0.0005,0.0008,0.0012,0.0033,0.0069,0.0151,0.0213,0.0266,0.0331,0.0359
2014,3,0.0005,0.0007,0.0013,0.0044,0.009,0.0173,0.023,0.0273,0.0331,0.0356
2014,4,0.0003,0.0005,0.0011,0.0042,0.0087,0.0169,0.0225,0.0267,0.0322,0.0347
2014,5,0.0004,0.0006,0.001,0.0037,0.0079,0.0154,0.0206,0.0248,0.0305,0.0333
2014,6,0.0004,0.0007,0.0011,0.0047,0.0088,0.0162,0.0213,0.0253,0.0308,0.0334
2014,7,0.0003,0.0005,0.0012,0.0053,0.0102,0.0176,0.0224,0.0258,0.0307,0.0332
2014,8,0.0003,0.0005,0.0009,0.0048,0.0094,0.0163,0.0205,0.0235,0.0283,0.0309
2014,9,0.0002,0.0003,0.0013,0.0058,0.0107,0.0178,0.0222,0.0252,0.0298,0.0321
2014,10,0.0001,0.0005,0.0011,0.005,0.0095,0.0162,0.0205,0.0235,0.0281,0.0307
2014,11,0.0002,0.0007,0.0013,0.0047,0.0088,0.0149,0.0189,0.0218,0.0262,0.0289
2014,12,0.0004,0.0012,0.0025,0.0067,0.011,0.0165,0.0197,0.0217,0.0247,0.0275
2015,1,0.0002,0.0007,0.0018,0.0047,0.0077,0.0118,0.0149,0.0168,0.0204,0.0225
2015,2,0.0002,0.0007,0.0022,0.0063,0.0101,0.015,0.0182,0.02,0.0238,0.026
2015,3,0.0003,0.0014,0.0026,0.0056,0.0089,0.0137,0.0171,0.0194,0.0231,0.0254
2015,4,0.0001,0.0006,0.0024,0.0058,0.0091,0.0143,0.0179,0.0205,0.0249,0.0275
2015,5,0.0001,0.0006,0.0026,0.0061,0.0094,0.0149,0.0186,0.0212,0.0263,0.0288
2015,6,0.0001,0.0011,0.0028,0.0064,0.0101,0.0163,0.0207,0.0235,0.0283,0.0311
2015,7,0.0008,0.0014,0.0033,0.0067,0.01,0.0154,0.0193,0.022,0.0261,0.0292
2015,8,0.0008,0.0027,0.0039,0.0074,0.0107,0.0154,0.0194,0.0221,0.0264,0.0295
2015,9,0,0.0008,0.0033,0.0064,0.0092,0.0137,0.0175,0.0206,0.0251,0.0287
2015,10,0.0008,0.0023,0.0034,0.0075,0.0105,0.0152,0.0188,0.0216,0.0257,0.0293
2015,11,0.0022,0.0042,0.0051,0.0094,0.0124,0.0165,0.0199,0.0221,0.0263,0.0298
2015,12,0.0016,0.0049,0.0065,0.0106,0.0131,0.0176,0.0209,0.0227,0.0267,0.0301
2016,1,0.0033,0.0043,0.0047,0.0076,0.0097,0.0133,0.0167,0.0194,0.0236,0.0275
2016,2,0.0033,0.0049,0.0062,0.0078,0.0091,0.0122,0.0152,0.0174,0.0219,0.0261
2016,3,0.0021,0.0039,0.0059,0.0073,0.0087,0.0121,0.0154,0.0178,0.022,0.0261
2016,4,0.0022,0.004,0.0056,0.0077,0.0092,0.0128,0.016,0.0183,0.0226,0.0266
2016,5,0.0034,0.0049,0.0068,0.0087,0.0103,0.0137,0.0166,0.0184,0.0223,0.0264
2016,6,0.0026,0.0036,0.0045,0.0058,0.0071,0.0101,0.0129,0.0149,0.0186,0.023
2016,7,0.0028,0.0038,0.005,0.0067,0.0076,0.0103,0.0129,0.0146,0.0178,0.0218
2016,8,0.0033,0.0047,0.0061,0.008,0.0092,0.0119,0.0145,0.0158,0.019,0.0223
2016,9,0.0029,0.0045,0.0059,0.0077,0.0088,0.0114,0.0142,0.016,0.0199,0.0232
2016,10,0.0034,0.0051,0.0066,0.0086,0.01,0.0131,0.0162,0.0184,0.0225,0.0258
2016,11,0.0048,0.0062,0.008,0.0111,0.014,0.0183,0.0218,0.0237,0.0273,0.0302
2016,12,0.0051,0.0062,0.0085,0.012,0.0147,0.0193,0.0225,0.0245,0.0279,0.0306
2017,1,0.0052,0.0064,0.0084,0.0119,0.0146,0.019,0.0224,0.0245,0.0278,0.0305
2017,2,0.0053,0.0069,0.0088,0.0122,0.0149,0.0189,0.0219,0.0236,0.027,0.0297
2017,3,0.0076,0.0091,0.0103,0.0127,0.015,0.0193,0.0222,0.024,0.0276,0.0302
2017,4,0.008,0.0099,0.0107,0.0128,0.0145,0.0181,0.021,0.0229,0.0267,0.0296
2017,5,0.0098,0.0108,0.0117,0.0128,0.0144,0.0175,0.0202,0.0221,0.026,0.0287
2017,6,0.0103,0.0114,0.0124,0.0138,0.0155,0.0189,0.0214,0.0231,0.0261,0.0284
2017,7,0.0107,0.0113,0.0123,0.0134,0.0151,0.0184,0.0211,0.023,0.0266,0.0289
2017,8,0.0101,0.0108,0.0123,0.0133,0.0144,0.017,0.0195,0.0212,0.0247,0.0273
2017,9,0.0106,0.012,0.0131,0.0147,0.0162,0.0192,0.0216,0.0233,0.0263,0.0286
2017,10,0.0115,0.0128,0.0143,0.016,0.0173,0.0201,0.0223,0.0238,0.0266,0.0288
2017,11,0.0127,0.0144,0.0162,0.0178,0.019,0.0214,0.0231,0.0242,0.0265,0.0283
2017,12,0.0139,0.0153,0.0176,0.0189,0.0198,0.022,0.0233,0.024,0.0258,0.0274
2018,1,0.0146,0.0166,0.019,0.0214,0.0229,0.0252,0.0266,0.0272,0.0283,0.0295
2018,2,0.0165,0.0186,0.0207,0.0225,0.0242,0.0265,0.028,0.0287,0.0302,0.0313
2018,3,0.0173,0.0193,0.0209,0.0227,0.0239,0.0256,0.0268,0.0274,0.0285,0.0297
2018,4,0.0187,0.0204,0.0224,0.0249,0.0262,0.0279,0.0291,0.0295,0.0301,0.0311
2018,5,0.0193,0.0208,0.0223,0.024,0.0254,0.0268,0.0278,0.0283,0.0291,0.03
2018,6,0.0193,0.0211,0.0233,0.0252,0.0263,0.0273,0.0281,0.0285,0.0291,0.0298
2018,7,0.0203,0.0221,0.0244,0.0267,0.0277,0.0285,0.0292,0.0296,0.0303,0.0308
2018,8,0.0211,0.0228,0.0246,0.0262,0.027,0.0274,0.0281,0.0286,0.0295,0.0302
2018,9,0.0219,0.0236,0.0259,0.0281,0.0288,0.0294,0.0301,0.0305,0.0313,0.0319
2018,10,0.0234,0.0249,0.0269,0.0287,0.0293,0.0298,0.0307,0.0315,0.033,0.0339
2018,11,0.0237,0.0252,0.027,0.028,0.0283,0.0284,0.0292,0.0301,0.0319,0.033
2018,12,0.0245,0.0256,0.0263,0.0248,0.0246,0.0251,0.0259,0.0269,0.0287,0.0302
2019,1,2.41,0.0246,0.0255,0.0245,0.0243,0.0243,0.0251,0.0263,0.0283,0.0299
2019,2,2.45,0.0250,0.0254,0.0252,0.0250,0.0252,0.0263,0.0273,0.0294,0.0309
2019,3,2.40,0.0244,0.0240,0.0227,0.0221,0.0223,0.0231,0.0241,0.0263,0.0281
2019,4,2.43,0.0246,0.0239,0.0227,0.0224,0.0228,0.0239,0.0251,0.0275,0.0293
2019,5,2.35,0.0235,0.0221,0.0195,0.0190,0.0193,0.0203,0.0214,0.0239,0.0258
2019,6,2.12,0.0209,0.0192,0.0175,0.0171,0.0176,0.0187,0.0200,0.0231,0.0252
2019,7,2.08,0.0210,0.0200,0.0189,0.0184,0.0184,0.0192,0.0202,0.0231,0.0253
2019,8,1.99,0.0189,0.0176,0.0150,0.0142,0.0139,0.0145,0.0150,0.0178,0.0196
2019,9,1.88,0.0183,0.0175,0.0163,0.0156,0.0155,0.0162,0.0168,0.0194,0.0212
2019,10,1.54,0.0157,0.0153,0.0152,0.0152,0.0151,0.0160,0.0169,0.0200,0.0217
2019,11,1.59,0.0163,0.0160,0.0161,0.0161,0.0162,0.0173,0.0178,0.0207,0.0221
2019,12,1.55,0.0160,0.0159,0.0158,0.0162,0.0169,0.0183,0.0192,0.0225,0.0239
